,dv_0,dv_1,dv_10,dv_11,dv_12,dv_13,dv_14,dv_15,dv_16,dv_17,dv_18,dv_19,dv_2,dv_20,dv_21,dv_22,dv_23,dv_24,dv_25,dv_26,dv_27,dv_28,dv_29,dv_3,dv_4,dv_5,dv_6,dv_7,dv_8,dv_9,obj1_add_par,obj2_add_par,_risk_
0,0.3892082938839153,0.3375828863010191,0.5670722890739773,0.41811967939927597,0.7565874566173032,0.2453511245811651,0.6795951911292893,0.44728811160979076,0.2410500605204497,0.4672732299516216,0.19837541667560515,0.32166473648364013,0.3974635246113443,0.11288810475072303,0.2513416886268678,0.49769070682202976,0.7331072119077706,0.3614650678871929,0.8442477094182492,0.05123069484673154,0.5819633794688204,0.059304732101717716,0.524400627797456,0.4560375282936565,0.7321070585074505,0.2640676741047735,0.33164821774213066,0.5850861029940552,0.7287958975791088,0.38324982181933753,-0.3023285715257477,-0.15228415437190174,0.49860477123020097
1,0.8597184502273669,0.4341822318447873,0.6414635592291258,0.7287795781837912,0.9198310666107179,0.41121271428093276,0.2677372144392737,0.42279032497528635,0.3876080962364676,0.40314348492772567,0.11806073626273667,0.27229469681118057,0.5421258063912178,0.5308351087448286,0.9245669502532601,0.4248429486787485,0.2331464471777333,0.17382927841531298,0.9244690726367231,0.6051735681669173,0.6103294890804305,0.3479211474224788,0.7871296709399045,0.48425157638476285,0.17452505059692486,0.8142230999713655,0.4762712565015677,0.30727471066141143,0.4074198004899751,0.544852170622255,0.06515572152952187,0.33317969066698644,0.9097659006914592
2,0.24241214777773729,0.47795858007778963,0.303176106448553,0.966041959329597,0.6247825885527591,0.5377395761823779,0.22747136102215126,0.29388345730011345,0.6390219158094586,1.0,0.4562491834001192,0.6752505260176712,0.3160648925928623,0.6051672752031345,0.5582536074663861,0.4247346152532194,0.5242749066097406,0.7775635755947452,0.3418311738454445,0.0,0.6024206302982346,0.6005177459869007,1.0,0.46323288098600635,0.9619152475523862,0.4124541899738293,0.5175176886645153,0.27826954166788076,0.824331189233469,0.7085834583724079,0.2540493774241512,0.14022125111577285,0.2612423276281949
3,0.734526252143329,0.2730599582496569,0.8471537060110217,0.644559698429711,0.4619720266347997,0.47801486339103205,0.20697673523773646,0.3984114996267316,0.5738027090766014,0.42539192653079694,0.4318783597908865,0.9864995730617958,0.0,0.0,0.25610508361965123,0.47629695746091166,0.7511145735176797,0.32527549309691856,0.5096046026871508,0.5954828908450752,0.5109657979072918,0.36899041437417884,0.7993766605015611,0.851179035593284,0.7157508929128341,0.6191142347570509,0.32909709909093265,0.7783502540516871,0.7324613314535705,0.5335337291818187,-0.06783029916045281,-0.2693485138721304,0.441094370911613
4,0.4889878534722329,0.6385345543289249,0.4958514851767654,1.0,0.49535986005202765,0.4740369646268914,0.21169997281484754,0.5271579277109154,0.2449339816916956,0.5904049013436724,0.5989478966207956,0.8390022394814635,0.2986211396305482,0.4086218979906134,0.6189476936568237,0.40331589137226176,0.0,0.3227853881422331,0.44258550413831266,0.7407079913514822,0.543924778879736,0.43532078281150627,0.3321109950275374,0.6192804140923938,0.5875005838289535,0.4075891851242481,0.8723644794754302,0.5171265562291161,0.5645202168079191,0.07784867926333527,0.07606599535586159,0.03580002046880224,0.7806685482896993
5,0.7048785059290386,0.5449642585790735,0.5762478576714267,0.8854527280349507,0.47084418384829674,0.3708225385659071,0.409757274046699,0.8758212021727222,0.418792976610261,0.3845966881581217,0.949260734224771,0.5028146675775068,0.5592855470993762,0.6716440135282976,1.0,0.45408674861357123,0.683980024594848,0.7535671131301261,0.9232162807899797,0.8947886588151286,0.6559931066422795,0.5875113960683169,0.5165763998640986,0.6679639974508111,0.2695714250534415,0.428967182438754,0.9235275001049192,0.3341250491707543,0.4388821857511083,0.7947597130382908,0.017970140695295688,-0.13944472353427928,0.7205446703057583
6,0.5428399404356787,0.3437243797139914,0.7560300855633973,0.652358887949782,0.2632372055408294,0.28538551967782677,0.0,0.39339102964250583,0.6845543543028759,0.7955032854467468,0.3212369918416569,0.42411765215075964,0.7483905823028056,1.0,0.16193887390725803,0.8394071943333662,0.5757218572456744,0.4955616566819399,0.8613264737014997,0.1422187121833337,0.3694052370992519,0.4923846389954708,0.5748977014489525,0.8263104653206552,0.20246621299076545,0.20655779784486528,0.6536089055896674,0.40013145470081857,0.3946638210576323,0.7864181895086053,-0.2256083025082472,-0.13697262097978902,0.26923047476705164
7,0.5995273025462396,0.0,0.2524431961407231,0.5164176631397807,0.208898214771716,0.41140876637733903,0.41008456996637765,0.26587755670511415,0.4764601487483848,0.9788839135772542,0.4847309627546741,0.7230022129428118,0.48428130991354784,0.4132155555502643,1.0,0.6935360917945338,0.5072369316934332,0.489798957126783,0.7180332878126382,0.3099646237685028,0.3702935181017991,0.27488677706010833,0.3561433289419259,0.6374078494868399,0.3276550771959956,0.7670879656944485,0.37194335900627074,0.43046617725916636,1.0,0.0710953496355366,-0.13973858302178574,-0.3199361691042064,0.8074115196442517
8,0.14818254427834382,0.5476103929154662,0.3912998226130874,0.4574895097078723,0.9206077411914755,0.7574243375102457,0.5896473668081459,0.2798564408999016,0.6009593500038238,0.6132647102577555,0.18837193090210452,0.533227664599071,0.51994698729107,0.12752581225164483,0.6734080918983045,0.47142109443784197,0.7408924100066916,0.5008344655745653,0.46737964687719324,0.5365757811887085,0.5265178061127661,0.866385689782705,0.7633944981647358,0.0,0.12451274396410578,0.28361915447657055,0.5595327019841656,0.7359335343835858,0.5240283961903607,0.3328917264348144,0.39049636675663363,-0.06195963346079622,0.49347474560079746
9,0.12804432034940294,0.4775406852970878,1.0,0.13183882254010337,0.47263145581130506,0.0,0.25034128562368835,0.5823248305751466,0.28524163707529754,0.20737937801119483,0.5751460515131224,0.7019482672037589,0.37866697235828944,0.6608174690281619,0.02544117841825494,0.4455886115988362,0.6531079263896704,0.48054505524833924,0.9025829879459694,0.6039810837899053,0.0,0.5913804198827878,0.618706784864474,0.33830923570150107,0.3173262648378088,0.45833985704955044,0.5703004611032456,0.6714444568090626,0.4205535124345735,0.9589549146283434,0.004050665451965789,0.2327874777672351,0.4509459986412378
10,0.6057473357777341,0.4742985728890859,0.4633227417662734,0.4649788203998686,0.7619486026281899,0.4236944852550666,0.6521812052198597,0.597740498695332,0.3780182950154965,0.46005728508034605,0.5051043637234642,0.0,0.6149362123870789,0.3374653509406202,0.38092069537003287,0.2796945467966424,1.0,1.0,0.5476096515586885,0.3868025475090833,0.4003597963892924,0.9180054805654091,0.8058587547680536,0.6291254408101858,0.8120519320780579,0.5154230505553101,0.4784048404948046,0.2897047839899436,0.7326133730977505,0.32119371821983234,0.30342365953808254,0.036727683986067176,0.7460322366737184
11,0.9662301500719104,0.28519934410424325,0.52020217861093,0.2178544243011078,0.5628237511392192,0.4786405047187286,0.3349002493060763,0.41744924627635094,0.0,0.7716665777472929,0.5931180817853458,0.49527415719614526,0.5316943801598019,0.18898073470224197,0.10193895749456472,0.2833685710299606,0.2275622257146489,0.513649153391419,0.3982587404005349,0.5944019814981234,0.25208700136906675,0.0,0.7504969508679334,1.0,0.2255870016156773,0.40953629410935294,0.7627553667045804,0.5822906131831478,0.5678033278738454,0.49630284757067483,0.33454294483093006,0.5,0.6014420886369851
12,0.4827117055969254,0.12623367321648776,0.3158675878440177,0.5460472833693492,0.5377962199948906,0.8689087911401919,0.38544634316828463,0.7285834484138032,0.25773111647956454,0.3107255226305865,0.6523612784623033,0.6602275189187137,0.13188276385326758,0.5924623483078405,0.8785080325706076,0.5277812852580482,0.5827073075657925,0.8343971649830082,0.8020808452873633,0.2714735740634593,0.795500336423606,0.12493325776239689,0.24939498764342793,0.7416695692466972,0.5148774727429922,0.7382378962418136,0.0,0.8672708610854626,0.3795730271245865,0.5268355689394022,-0.04538032703233787,-0.3452429892243994,0.6239328774244969
13,0.25278193181219755,0.5626196122776804,0.0,0.42764891952631345,0.6987325054464677,0.7028406480056061,0.49774327608074215,0.19056911102220403,0.8536376227430016,0.5581197669881124,0.8316514917675668,0.842712505766195,0.4320832697150728,0.060357435952358374,0.31803902815984486,0.19631571965501549,0.7928048170925068,0.16249992615168773,0.8403498718245541,0.7379498301332585,0.6673380580563615,0.19773053364138998,0.7214449952399258,0.0,0.6130316372866449,0.0038527661509922817,0.04440267692772093,0.05005249471943246,0.4892493481115953,0.16404118944826823,-0.012426173180379856,0.30189477865414105,0.23811584602637836
14,0.4393526718337134,0.8545657234354698,0.44792116253508896,0.3127050930663382,0.37955684393217465,0.17636020013463982,0.32072500436200707,0.3636270468003992,0.22597901478981958,0.17041700615023475,0.4934081513520084,0.3491330425303674,0.5396887041762903,0.5503514882229776,0.4795821457169112,0.1315443087417586,0.4694262568790378,0.64592109804995,0.748084740798811,0.6180694663765297,0.7415504203754109,0.4463027002666346,0.6368166523703016,0.7557057079459595,0.5052012761733147,0.5150055745874943,0.6992523959596326,0.3135520839589955,0.4491293429311124,0.4806465223624711,-0.421878551415046,-0.13844509219990056,0.8659251586999284
15,0.30207985130918424,0.5931735266852775,0.20223693605751536,0.0,0.5171552835518247,0.5372403880775465,0.5701516853067787,0.1758786502244271,0.611941275174389,0.846264276458776,0.7066246467109801,0.6297159293502745,0.05182027097298614,0.4034028125908979,0.677928666797995,0.5724748841631003,0.2436187707290663,0.41236178997160844,0.38648660909516663,0.8519867158705907,0.47685522152829246,0.296511586297715,0.436729680930284,0.23951117678677764,0.8535998530817572,0.2329739410940327,0.30588594385543244,0.46816644595333434,0.7915124139088271,0.36160100465254696,0.2179556247422269,0.07438037368805694,0.5559495446858493
16,0.19997421017753697,0.34868300036529315,0.9077771521306222,0.027104432249938193,0.22228855980997825,0.2779709188873005,1.0,0.5622174136586668,0.02934134645982983,0.834195093319928,0.5296472087734173,0.39200418661588005,0.8792580293405666,0.0,0.9859622865979145,0.31630451084069433,0.5328978607736337,0.4732779755887909,1.0,0.25137915809865585,0.8072375446161749,0.3809178103978596,0.395532284091509,0.2320100349397471,1.0,0.5968881836196044,0.36254936422246387,0.8106367585022811,0.7445466974328384,0.3855064934971697,-0.38878251895880617,0.19166221306668266,0.0942884540399479
17,0.3254419705326168,0.08691476889728517,0.7735555026032835,0.6366101200324867,0.494192344649162,0.58956467704313,0.32380347756600814,0.35055245697952964,0.702008753291864,0.40198710791835246,0.6118577376325203,0.5663915621353168,0.2556789393833056,0.5570000240917832,0.5034468263122779,0.7199196082428148,0.4329907803443198,0.36503295348213916,0.3619353830234108,0.21786738820350382,0.3310664919136429,0.7943274109853706,0.049812105671942,0.4517376430532292,0.3261438961818016,0.1833975952307922,0.42517591977689523,0.7917388035454074,0.8204159910341093,0.8999319497432934,0.4560323782605618,0.32514606522102996,0.2533378716713788
18,0.5602708826644748,0.45795515165558853,0.6599052824754135,0.5825568209990007,0.41168237485040926,0.7363888944911964,0.5450692166390727,0.24177121274756752,0.663220911883525,0.34248176451133466,0.6424220506167746,0.9682417835068879,0.29735366182913997,0.7164190070306167,0.0,1.0,0.0,0.37597687846561656,0.7387961630236837,0.0,0.5691226622885586,0.5582862751353072,0.6700642842531028,0.30271821124862397,0.33219705937398347,0.0033296102796739335,0.1156519002515427,0.8316038279019453,0.7808604639666346,0.43554555908892834,0.29421980736281095,-0.05194615254949794,0.6857637137558468
19,0.7617002442220826,0.40549412161419157,0.25487096988388735,0.5219939447364226,0.5414257986963572,0.6251605038738586,0.5483961739241178,0.5035768652312077,0.6604123153190306,0.294234356120059,0.894118082857759,0.45896224801387575,0.2667839035275104,0.35705438847685234,0.8334425476599991,0.4544647592791773,1.0,0.0,0.6535906461950488,0.3966000968374976,0.6649855421789383,0.0009190046821864195,0.6464086463045409,0.5036867309034176,0.5086256757613461,0.5062099649264263,0.11839357208540147,0.5850910428142738,0.34063385873268687,0.5070706592616145,-0.09744754554974278,0.08303339545432965,0.30290317498409725
20,0.6222196834555802,0.48252220697325027,0.1543339999941445,0.7455136146360926,0.5870409939994357,0.5184066911328433,0.4680668066186868,0.5678093173854378,0.33438425974421027,0.39868173103188614,1.0,0.5804896631217733,1.0,0.13494405954391642,0.4971997582224016,0.3906536487450635,0.30441479767606644,0.5512683943488449,0.6789453740337835,0.838392585068372,0.4895285734326481,0.7720508088946789,0.7295623407041373,0.0,0.32060257913276013,0.510660463470788,0.5844151334733729,0.1700992043979347,0.415372043026878,0.5378170854252597,0.234153402033579,-0.28051323905549336,0.5028225748722821
21,1.0,0.5799605420872622,0.4355427292922164,0.42291383506008806,0.22535822116802862,0.7177808780702303,0.9412387004840927,0.5387231015367203,0.2703199325848515,0.4730682845109704,0.8350541933981164,0.6665119312750094,0.4041207585501796,0.8171702489202188,0.6192870319477259,0.33923169897816463,0.8033122236683341,0.587739769669757,0.6147847663698122,0.40005276063390793,0.47303889438928975,0.5960674587782993,0.5744578404032484,0.46050249852716824,0.6196478030837397,0.0,0.760759954868399,0.7904866416978084,0.3645297359661244,0.223017869257309,-0.24735743277925884,0.5,0.0
22,0.4386186827692983,1.0,0.039924920532282804,0.4634465897214007,0.7469068081662684,0.4300226590015149,0.4389377074896301,0.73800034308582,0.6886183066611993,0.4861738705877746,0.47416460426005813,0.47625775561875944,0.7091818433352897,0.6777073411105259,0.0,0.12979968220343213,0.05795752011204558,0.49262255008846284,0.9150940433684287,0.5762709091872571,0.30834631685381353,0.6794632104583898,0.4981267339284384,0.516229674102819,0.8101234012956496,0.6726346946896893,0.6874437451713379,0.1314005955918645,0.5489093461148407,0.477461441209365,0.47455631704093937,0.12385891386426659,0.006746408127842551
23,0.6505983554270346,0.39348271859726097,0.4107754661017027,0.36646103921609924,0.33734970664911246,0.4102171203660586,0.5089071855267274,0.8998171480965378,1.0,0.9181517821538281,0.23490005342749043,0.2917935940944015,0.08483012578416332,0.7415837446835043,0.20383604715502085,0.2903404052301066,0.6602948136953651,0.4933311837062574,0.425521574829669,0.7796809535890139,0.0,0.4377694065000133,0.5878216319482059,0.738866768617195,0.47087649753668487,0.354340611688996,0.6993388911381847,0.25285348459173296,0.2782001479223396,0.6451957157402957,0.30518058941894183,-0.1419646049047293,0.9188221303364488
24,0.20829633324058733,0.7297075823920345,0.19711704000322272,0.25424459639195907,0.39710384962019346,0.6801073697105313,0.3389082462089569,0.5946752394438956,0.5124968783135825,0.24763072903018074,0.1854693407924437,0.6616086240362039,0.2984342178073236,0.5934504364557349,0.967537085576764,0.33957649603269935,0.2738825939015097,0.44320960258456077,0.578246188366743,0.3193525448601634,0.5882465597884318,0.5219976066414322,0.4230003723313364,0.5931249634150793,0.35082021849637923,0.47755792956038723,0.5307158147278285,0.31027940276876165,0.43307178835247234,0.6968267871190456,-0.26676831729053685,0.05590000609563875,0.9199421351683519
25,0.0,0.41847691748272864,0.7641759977174303,0.2017569782535314,0.46600029430820233,0.35052972546104044,0.7425442865526999,0.7525586532782247,0.6920740820142374,0.6036075961675319,0.9287296406910062,0.7371772625251365,0.9860661465422791,0.43634163924947134,0.42442628262970544,0.5691495591354346,0.4118432822422594,0.6545654846401769,0.6622753323199961,0.48977773754777043,0.5775590649944715,0.45480287697791955,0.8422578221614533,0.2378990228055043,0.3754731462772313,0.0,0.23970674949832377,0.1271445774380448,0.18905225992796226,0.7835135141986588,-0.03251333146530085,-0.031577143141098205,0.2608748065347941
26,0.5923640080822372,0.0037140463526625367,0.8935591658628372,0.6167268233895133,0.7565684640622885,0.6510382414543283,0.42229191199606686,0.22046077435218786,0.29217188153839346,0.5831385979669094,0.6997575461693605,0.8524633166236891,0.806816532896502,0.7401695548160251,0.22779287001443327,0.5004110506048336,0.37203231977897033,0.634794002521047,0.1963348375626367,0.697823617785416,0.224314769704471,0.3065575701799929,0.4138311968206998,0.021899623361435527,0.393227571618575,0.32819070982372506,0.12720327102267076,0.23966368291478735,0.745956352479916,0.44694695676666946,-0.3391605120673444,-0.0171451765354471,0.6436159727574187
27,0.5417178892186638,0.4401265971546765,0.5627525862374141,0.7537272536957635,0.7571683044653383,0.37335617403325305,0.18026481074943784,0.5395010154973237,0.24221865354776095,0.8307349997334099,0.501323923969167,0.5210445946132223,0.004229799540153623,0.441037197827855,0.5284806147834374,0.6570677646263253,0.42164495395075186,0.11858246856940413,0.4996432069495869,0.45289169784735606,0.5089272300019297,0.9116756351458498,1.0,0.1253499873315776,0.7094010686008684,0.6619613391879752,0.5358767155899419,0.052071154998980185,0.4928220169682771,0.9257096030645343,-0.4598165023634568,-0.002781747770299656,0.46426041098021115
28,0.60305840210445,0.7360881168170457,0.3628284470518377,0.4924282849449925,0.35161030929997983,1.0,0.4914838920691488,0.08889326951711762,0.5160973163367255,0.8214054927517754,0.49448536043800473,0.5561144828020697,0.3746171063389644,0.17728029858271094,0.2984425697967503,0.6145692447908928,0.649999681192406,0.7980353577739825,0.42553287713740057,0.03995708460366848,0.7605162705324747,0.46453390282769147,0.7737564518297309,0.8078943194784431,0.7503939654596381,0.7020796875546318,0.25193316575906133,0.5464553937458336,0.16452358606690043,0.5932016981699959,-0.060108782661238716,-0.5,0.6354564099460203
29,0.6508291226426525,0.4515841525541715,0.6865175132722409,0.40644115943342113,0.708246850261206,0.0,0.3849458874133796,0.6213595822951666,0.08064467863538938,0.40693872941558434,0.6016144926706337,0.1423320512098178,0.5190541546134514,0.9884955190745447,0.362291051262872,0.35492448665270504,0.44554246205476866,0.19119585640269227,0.17560776865461197,0.558376243239899,0.5255348955564395,0.7667764793974012,0.6478547214907806,0.4904481012230273,0.2254967869205578,0.32757499007804913,0.38498113067701295,0.02920645112862691,0.7222410887886099,0.10409246940487349,-0.25727522798026353,0.02737697731550751,0.7384929246187919
30,0.6553979139765452,0.39655580442237154,0.7363602666431073,0.20916916541789765,0.2028427068878707,0.4330807096312061,0.25333236041611584,0.5420620159626676,0.41542631875525937,0.09597834025875962,0.55571209699112,0.4991283073423938,0.012036262169093204,0.32064930199318775,0.534364160039312,0.6146568978672918,0.6536320611001705,0.6575659856246635,0.1548482309915175,0.32311433019489155,0.9596846735369342,0.3442919388480325,0.0,0.48973819431704535,0.0,0.0,0.6722023761489271,0.5837140802609024,0.9004357658310631,0.6158189958010277,-0.007106572545266767,0.5,0.6575383454374807
31,0.338844537609033,0.4480824487266255,0.45508877869120673,0.3397499132657962,0.283149416841451,0.7435605017659075,0.1747057888363105,0.25387140155655363,0.5191882615833577,0.3707621745488931,0.2341376432495148,0.2181093870725126,0.7269417077315599,0.7760806760042114,0.6615980602222682,0.3670715059602058,0.4615039675510239,1.0,0.5694454121138188,0.5534786204935401,0.07520792498879386,0.7512310563512157,0.9220085884771159,0.05576983460694135,0.6077120372491935,0.3126534805286397,0.27928513258958665,0.0,0.5689709341765392,0.6436018903915792,0.025239996852998194,-0.24227152138263597,1.0
32,0.03384882807285733,0.2294979338404311,0.947648907638071,0.2255524219332185,0.502099721064539,0.2445577719202094,0.2891926172601008,0.2191007898496467,0.34472730128336576,0.36503497670387236,0.3864243907548844,0.41654507696837956,0.46594884597773667,0.46462768128246323,0.42726007412192324,0.47111695627402395,0.19620195353082387,0.385807502834169,0.5006485763751674,0.007174322039380565,1.0,0.4726226452617037,0.7317229820955904,0.5398703846331434,0.595374056512329,0.3222509266033647,0.6876931991545664,0.12357728125651796,0.6642297307152725,0.21611912680589523,0.424312735679113,0.1488862134229457,0.3806666348719033
33,0.5860521355341737,0.07252305587393215,0.5146066392089099,0.407957942056678,0.4218294978737738,0.4072144499722711,0.54694160478419,0.3325327354891533,0.43180078725416465,0.5743639113153972,0.1647388073833837,0.5492218650592217,0.49128694980982035,0.7066760426089607,0.7404438406198023,0.4333697552879297,0.4981968886927916,0.4685690739455869,0.8408933250803138,0.3636273197090415,0.5541819411998017,0.8029387849442173,0.7523714481742858,0.10188817582155713,0.5786263163373463,0.3838538121203498,0.7971283068897626,0.33350476482365654,0.44390168768836485,0.11430978128394176,0.08175191336983373,0.2681442597868599,0.5029386410249297
34,0.43032702103395354,0.3029829633430045,1.0,0.9973245545644158,0.20072684624158504,0.5779596406241168,0.2775446316988419,0.43811104017506136,0.3624191360601696,0.30284538249434273,0.39281850744036423,0.2865337694004819,0.8925123289689704,0.0,0.2848677243040109,0.5107412684929205,0.37383046745060433,0.4368375093391221,0.8514595171039133,0.7700854199345375,0.0,0.5905541787820032,0.21826312356846922,0.34323738283458993,0.994967678238948,1.0,0.07078618952858873,0.3590865000691438,0.6952442238357629,0.6132881649402739,-0.5,-0.061421501728025865,0.9454208388000362
35,0.35948650788807623,0.40812808191742916,0.9714352245638949,0.7096746828167555,0.0,0.7516503287291412,0.6661127926072481,0.2643618971511382,0.6556064918352645,0.395200540044236,0.35592315357652626,0.5382586980350895,0.4686003869342093,0.43442512581287596,1.0,0.5713609493521026,1.0,0.8969790246326204,0.3878053777661755,0.29156311870731233,0.21690025624376202,0.6487243678511606,0.0,0.20750481937409687,0.807580162066199,0.019783014723730286,0.2433422613830729,0.0,0.49117240520048916,0.06915609412424795,-0.12020643673282032,0.11125236007022574,0.5502098727126205
36,0.44938332077769333,0.3215402342421958,0.2663939608304208,0.4347160440209046,0.5621572117480776,0.7108968297149574,0.8002166264510318,0.6189744288459651,0.627643580842488,0.4092914131414772,0.5970745742747433,0.5166248545727649,0.2885584363530186,0.35377994552456216,0.23869811247854605,0.7970302359595054,0.46080606562105747,0.27034752102747234,0.15709097305232494,0.21878111147939255,0.543277931491675,0.1538438854752533,0.40492598561157883,0.4083099364556863,0.45488322258379343,0.15282030991339307,0.5828501333338372,0.26023513835739387,0.6173836776514297,0.3228129924318802,0.367407743062242,-0.49611929622547263,0.3628181607589718
37,0.5740488526890826,0.6579635386762479,0.3657138709598895,0.7292576643208641,0.5298040885536022,0.20047805903250437,0.574397192182156,0.741469298051631,0.17479058210245452,0.3379452876311658,0.6539457384029509,0.8707924235793065,0.49090258521237334,0.6255569602928316,0.15204486970838477,0.5991780165497186,0.0,0.38123691191361064,0.5304965023659884,0.9121071594602492,0.5280866451148002,0.704529323366023,0.31097190279850867,0.17571621159073259,0.5692380503072701,0.713007160515199,0.6112017210787388,0.6540794952996453,0.5689882336381857,0.3818778658985737,-0.39438585071528076,0.16736420017712048,0.437444211194987
38,0.08341355641791026,0.9060514845353209,0.5019215554585107,0.5573780408325435,0.2568980441241816,0.8271322578209062,0.7402823269516202,0.7229504374365157,0.08102589589400983,0.37282927828093604,0.7128267333522847,0.5573709279779492,0.725098782892547,0.7656344996479989,0.6618096618022248,0.8588794029338616,0.270200136812361,0.5437179662084877,0.5381676810929852,0.8499530152843462,0.3696463472083177,0.47229130557759474,0.19761216445214524,0.3496996602413669,0.8040682482809034,0.42630251695175003,0.4019360520588497,0.8062170604877141,0.2598043729419975,0.5585946709630225,-0.11876351236406313,-0.18998440494793833,0.7633910398261003
39,0.3826030624819621,0.8119302483247113,0.5070982848032664,0.48890241124832207,0.4420285378324783,0.9653360545974381,0.703793567813276,0.199389226763953,0.4236644810408122,0.674835520239039,0.8006572209556388,0.20772865029450344,0.6068796996620763,1.0,0.25327481315809325,0.7030637343678442,0.36645222184345605,0.19499683357539327,0.5481521675953617,0.7816618265003932,0.7066258885968891,0.2761816312890686,0.22909531354776658,0.6321449622835776,0.3274737119031985,0.4657080374547574,1.0,0.8985826218936122,0.6329861840217392,0.19366835292679935,0.2570708875070479,0.09766785807956073,0.00432760450373626
40,0.39017913208943295,0.7055404549687383,0.4439792338557208,1.0,0.41759381016124497,0.7944808862524138,0.5962712942001724,0.769848000617392,0.09922003188471284,0.0,0.45082146912043025,0.21131510618640975,0.22418751071885562,0.8470234013835292,0.6357368658824247,0.2796640076727468,0.444989146061159,0.43312180980254633,1.0,0.680012632273317,0.08435054581800916,0.8484390836427358,0.8175766854115931,0.44369091573993336,0.25437203226717975,0.7405529640947847,0.7665506555430186,1.0,0.369219411369062,0.3625409642377021,0.5,-0.0015578525711831446,0.1300279471677378
41,0.3233145232611891,0.4763621114370199,0.7975211627516955,0.17081212214367747,0.3700829203780607,0.1949827836876123,0.3686888506344412,0.4124847113993505,0.7897015278343607,0.30254260508797715,0.4682852231332404,0.6633655358612972,0.852624857964591,0.2969781405496118,0.6604188100789665,0.44460750219601686,0.3286439550536137,0.0,0.565821865026941,0.48073658575589767,0.6432113671098333,0.8872183546450029,0.5828196659586982,0.542421787100194,0.35040958207841655,0.6387452803268256,0.2011121281913068,0.7666313152506492,0.533482773839198,0.5340316733162248,0.1472768849927115,0.3568626604561415,0.4727246780910734
42,0.4951230475384573,0.2157005596627029,0.6785894106672237,0.49617251219806513,0.5072791929029781,0.0,0.27336053569128554,0.21666045395097944,0.6596015924435759,0.8488419151302343,1.0,0.3713262437258773,0.5243677168394014,0.4191788872106431,0.7763442752197072,0.3987944263032859,0.5925521371385463,0.8088131128089121,0.5593264668748867,0.5859138832065252,0.42402117702823244,0.7546651449715935,0.11934404950938254,0.15232386785979063,0.9158115748821885,0.8357498079827133,0.01667588200494885,0.7297160589326461,0.5526700385639781,0.6652334219986058,0.14834440848418715,-0.5,0.8110031648078144
43,0.8120910793190967,0.31687796951589664,0.3591342619936134,0.14207495923604924,0.39688722585756636,0.6621909593597104,0.4475599125066919,0.6463919773455908,0.3562143317243923,0.3795205366792173,0.7564311076803361,0.6694617158935562,0.3897439718709119,0.29436028625798444,0.7125829165171607,0.3211183592286111,0.5175227972868746,0.8150661237931196,0.18250992746175781,0.8410320375694926,0.0,0.8357853976789928,0.29106050939931016,0.4163401198274355,0.18168332132191056,0.0,0.26885898100822136,0.6136585665418666,0.8482155739472277,0.4636236113719412,0.5,0.1537554255402769,0.1763623003062733
44,0.1291693853481522,0.3121660999351664,0.5112694338184851,0.5187208549707297,0.4374382942781911,0.3599258173178828,0.24625641072511473,0.2317985541124979,0.42829317543582746,0.7183234739453641,0.8033876894392531,0.25327543218810505,0.0,0.5576838086322431,0.35340631959545077,0.7357042731477481,0.5144644547561482,0.3771975011047435,0.14092785120571322,0.32403066918172063,0.7717166411225942,0.6033965251992219,0.20414641140605744,0.5162689693855738,0.49737385589409533,0.4601731381587007,0.3850123553432262,0.320897265195519,0.7091920843995366,0.2900197046315636,-0.025993306392767496,0.459137142752744,0.6940599382785669
45,0.18794151090841743,0.5122440365651137,0.0,0.6105367526783212,0.568038318651322,0.3302301376648266,0.34779285595308784,0.46435278148368675,0.5777877516317235,0.3535154924756093,1.0,0.5385372512050169,0.2902632567337933,0.8746776265723908,0.46329671923224247,0.5277329201067152,0.5257960909847993,0.48697505419406306,0.6562889268725218,0.7522479695079713,0.7596980016772817,0.12446574468913257,0.6674236806814049,0.1609973058970698,0.5830845507600383,0.5498439055922929,0.2687587859894979,0.8894636749498623,0.5431333849204025,0.41486620114849027,-0.15462429802254596,-0.33205869025426593,0.7896308165383514
46,0.522570410222444,0.9635635510622883,0.25804953414631165,0.4185361787768531,0.35306259115809646,0.6266976246359509,0.7175480133902996,0.0866785547769896,0.9846097934324168,0.7047098482988364,0.4725280963871301,0.18732920560012323,0.5546843060555487,0.4436937794237245,0.2761446811864673,0.6595859643731052,0.6394354609109112,0.3464600799148193,0.5289521756357923,0.521849613323665,0.7977140244464467,0.37096149714359816,0.6398017045973328,0.25082731944640635,0.6120789728025101,0.4994059121781213,0.5193023878686647,0.5708096365880255,0.2775213234028929,0.8262384138783723,-0.04414951547073053,-0.5,0.2831460972432631
47,0.6178639057511037,0.5073331860067065,0.5779514940276583,0.8919657366218481,0.19952442105981916,0.5890260505521827,0.3876892587805304,0.33216076289466345,0.25877033470497823,0.5278233832709357,0.6616295454356952,0.3433660388178311,1.0,0.5354378446733917,0.32611454115145466,0.2591898555003985,0.46976749160472936,0.7722470528188823,0.46488160689150426,0.5593094522790282,0.17593356338275573,0.4175304258908066,0.48662895758171726,0.14060612858263116,0.7453979377553097,0.7434965016585147,0.3075167692419261,0.08172544973120921,0.73588939113584,0.522676888828758,-0.010834946456782039,0.4342520638133335,0.7172953057132184
48,0.0,0.19232512306478955,0.18896344543400095,0.397171785766273,0.3495558735243057,0.3133365882906135,0.21828403727120632,0.7944026101311603,0.6447874364542461,0.465867964231539,0.4406696980383443,0.36632748396491027,0.3094358001367741,0.35882168327814545,0.583797185546375,0.26520740126508663,0.328669562139562,1.0,0.6062183624308901,0.4563357998404968,0.6673935689755826,0.03238101377071617,0.51633628045323,0.6748491460388429,1.0,0.6586830913023242,0.8044634492267271,0.2779429370411622,0.4625555020065523,0.5729415900398946,0.20660298984472739,-0.17550331171165004,0.503617042777779
49,0.7562013034524264,0.3665968576473986,0.6441549274178784,0.00820707731405923,0.2008480601324239,0.6637843410663107,0.7311985378386203,0.6278780411086975,0.6374567690530563,0.16242059389261226,0.9298869385205311,0.7294538930922985,0.2671025268900461,0.0,0.5755675010597099,0.22004250710036782,0.5500491590617412,0.4859869797087288,0.6166239712872548,0.12547649863242233,0.2796066893326739,0.5965073516628407,0.733584603049483,0.5011223948814792,0.4877501467013627,0.3426719348746994,0.47100092072690863,0.31214956112986036,0.5804485423002905,0.0,0.47126794619179024,-0.2311806204392894,0.40686333651014467
50,0.33701349533288216,0.8167563067653226,0.8672864560104833,0.48465769316157803,0.43262247658209163,0.33788398976933287,0.6902566967842805,0.3775830738292172,0.4510983191080792,0.585187418832383,0.16407759239385156,0.6997701355807762,0.045738548325944095,0.49928354508312106,0.670226273129089,0.45540638133451306,0.8957258202044824,0.5303294614021319,0.0,0.46410595213984235,0.6835746326617405,0.16537360417808572,0.7495295077015267,0.43855675160269875,0.5271812758471781,0.7949484224947838,0.8176558700628014,0.39629485867417147,0.6254034229232187,0.3737669375086843,-0.06336504364412422,0.20241697311492352,0.4369372405789565
51,0.36492835463296563,0.7334639804181114,0.2344084023655187,0.7889850274651449,0.6295601438404367,0.013257457740745549,0.7140131394136943,0.237151360083884,0.49776871921604704,0.5768637268139245,0.9913860775660253,0.7540109240284344,1.0,0.41252229714481986,0.3620121756091235,0.19980475471231773,0.4793246210214164,0.5607769231250923,0.47835380033264274,0.26282545454788864,0.9008647699626886,0.3405183814213174,0.4067060111839509,0.484889855164844,0.7890281947394217,0.845036806022464,0.6758408403820984,0.8919186228840696,0.4189151338140633,0.5615902441229695,0.32727684365914067,0.14638810991639772,0.6876974562663555
52,0.5196492735754803,0.5252031501631367,0.6247597553370913,0.582237200021855,0.6388219739532379,0.536260529720487,0.6741406745250701,0.26664250321145316,0.21274287954886584,0.5335002498317641,0.2609436057128749,0.7804945492434957,0.7539750280726325,0.18602379310972617,0.25501842106111733,0.5811497579192071,0.42286742709149094,1.0,0.7396856038059865,0.6856539637810996,1.0,0.6124538224155212,0.33928176952132827,0.0,0.37253958869678916,0.2779671332936341,0.7344398812057851,0.6453351772049489,0.31399984635929223,0.5107253502762068,-0.4969444182161845,-0.04583729938445327,0.2392882588663639
53,0.4697396770584457,0.29313895959277014,0.8070516478588867,0.2661174029584379,0.6854317117163197,0.7522276561115689,0.031450170670522304,0.6792380882193947,0.09643020986794937,0.2441706388224903,0.6214129290079098,0.7079432773160843,0.8084460746207504,0.6371797173342149,0.5974191731108015,1.0,0.882674897351308,0.2854781322188486,0.4681278122898024,0.2797969992420546,0.4226272322954437,0.29587213533865153,0.11849394799111373,0.553367041850036,0.7531302105388005,0.6525907481379929,0.15098477234732466,0.8897592127249815,0.13648726072425071,0.7222712897325151,-0.39802096253681213,-0.08815368445701406,0.7650134352912523
54,0.4884511436554735,0.564620132665154,0.37708550457831225,0.23858230429698396,0.6234292480961756,0.5950837130366096,0.5220507368681818,0.7803365519740771,0.6898868212158995,0.4256978609664697,0.6650004452913516,0.37741030499187367,0.3201327134979229,0.42063696240251425,0.24866388985156734,0.779042084091146,0.7836571576109721,0.20759597348871994,0.37382872748919416,0.7709787162195245,0.4236315721032213,0.4547001909061683,0.2911529975934545,0.38545538910038624,0.10740329412704003,0.3979449948582884,0.25833554273647963,0.6515604905254766,0.48268866268621297,0.5147473463993274,-0.07572885383858856,-0.00863252553637049,0.6937326392394967
55,0.5278975252117245,0.37172542530386954,0.6617861252854472,0.6760668689434248,0.3711598934639797,0.6282917229966536,0.42620915670266357,0.7981616006401189,0.6524948863671354,0.3430172993195735,0.5639708472006024,0.7507875556766443,0.8966538342470973,0.4909046149804963,0.40717573343896635,0.4200861653509199,0.36087449694670626,0.5002253900196805,0.7806975702298828,0.4169668333240941,0.02824076603907305,0.6681076154961838,1.0,0.5922485097897155,0.7787955048177673,0.6977313435859497,0.387706619107283,0.5696920236576792,0.057745833886607645,0.604610295962417,0.3760322336810129,-0.1563241588961739,0.2311403185308546
56,0.5263676391801627,1.0,0.5440455188970942,0.5824816000806494,0.39323788930339254,0.5278169141480658,0.11603228628384926,0.5740260647281711,0.4512105389768403,0.0,0.714604247487129,0.3328378920232181,0.7732599795289394,0.0,0.3428180138455148,0.26666809864335195,0.7516672203940578,0.47122688608315266,0.810526782351087,0.604872703913704,0.07717889653873261,0.47144898458307216,0.5146570778734423,0.37552963202026624,0.7415098859325501,0.6073151194551418,0.5400374617861537,0.248809621572036,0.4828624896007176,0.5654128256131159,0.05399594633202016,-0.16975340770982722,0.6183170084237942
57,0.541116835570702,0.8508747144842218,0.22584899590678753,0.1644507744409039,0.766808032975101,0.5126766376629595,0.054086193439204344,0.5274641113799028,0.7033067865633456,0.3532715680954934,0.4588827262437748,0.19931727329744525,0.3374577616550324,0.6007041112245843,0.3940671768375066,0.5946955810471668,0.46650248395825933,0.6188306915737619,0.3499773805644141,0.31932695655102883,1.0,0.48631897084804454,0.373850088461946,0.0,0.07097927988666575,0.4106653767825066,0.24651316927557887,0.30626858530190904,0.20715292226225346,0.0,-0.12098879703110867,-0.2468116455310999,0.43008428647400854
58,0.5366181327158215,0.5513648495886668,0.7794725799691187,0.552236874404002,0.1753169558147344,0.6299770826468704,0.5855214741085165,0.3017969973922196,0.8908312664822289,0.8577769998484699,0.5596081302064271,0.5478074063288815,0.4355011073019859,0.5898570513054174,0.7037714673211241,0.6918430040880598,0.8160597341033526,0.5854058474521595,0.86143098593621,0.6992695731029794,0.3081548802409446,0.12742556718490644,0.4338665568103827,0.0,0.7543977733887135,0.8332328918491663,0.5856828009639305,0.770196092711597,0.38005842208754215,0.35100702519858556,-0.21983440616268848,0.2616144852161119,0.4043972178949004
59,0.460824749070444,0.8277134130471668,0.5672079609913292,0.3204269435857345,0.15710737539190978,0.4189699438149529,0.7511663020944568,0.41784182386973834,0.18599199988790371,1.0,0.1455484732140574,0.38220867733512964,0.8522099482660412,0.3962133734478122,1.0,0.8242784149394689,0.7874694951679417,0.3791941680241144,1.0,0.4396096937280193,0.0826073992519269,0.0,0.44934128688093744,0.48623469111754924,0.23216478009724806,0.7630732087525152,0.2360418369125558,0.2626719966803097,0.3011545459066042,0.4870178201144248,0.007768879904087872,0.3625140429491498,0.6684057782471535
60,0.665021889564108,0.8195968201272841,0.13519291636657493,0.43022304159140506,0.8533094622382583,0.5835695154246467,0.5464570337598088,0.2587008408417742,0.552299329916641,0.9491159976676455,0.4327848644713381,0.21005502103766538,0.533050256258788,0.5616826423786936,0.6705069834958512,0.3934685493564,0.7166645888899552,0.20442462446276544,0.4075521605592085,0.30555133247993815,0.6414236433804532,0.5165186890253776,0.19052518776181981,0.6371837952709346,0.5550788388628707,0.41765623004429986,0.6716377735606709,0.25510190852587433,0.4638811910359897,0.5072923001318755,0.32237238027777504,0.04747716950239095,0.7459102520802917
61,0.7361582270034372,0.4127200234549337,0.6881183762916819,0.6370212824553722,0.4305910081557619,0.492051606792852,0.7986116554843987,0.395862828757934,0.28168750293494804,0.4254353636071851,0.16528031349745193,0.7435070639494037,0.5126466517017918,0.08256240219506794,0.5622370027787099,0.5652159152361261,0.6681683056850876,0.9324753005723931,0.753996739943225,0.4213632699305001,0.6700464111454734,0.6394519470773101,0.24933032177486214,0.6185965470720054,0.3935326643716802,0.9453663566386186,0.3850032783009759,0.2344780443014935,0.5290184785810802,0.4429126353038732,-0.26232732913791484,-0.014336935259224717,0.6911984650701086
62,0.5445501636001142,0.45910887132355876,0.3724625103213113,0.2758354495033989,0.3224604225680284,0.9810344885012052,0.66234525945504,0.47944015972287374,0.18975191697281213,0.3677501803850127,0.7389708005287663,0.9203917015600118,0.8450692490939112,0.5070429654279668,0.16851676881332867,0.8903927930636724,0.6838843190281472,0.8560869186757327,0.9878240351795553,0.3399408726172742,0.440007267206725,0.5760683562262088,0.0,0.9990912478818506,0.3707919390327594,0.6079150466391734,0.6056788881521775,0.510659781634102,0.3266945137507782,0.48448913782672154,-0.03293793040746795,-0.11137123947932269,0.9395287075507983
63,0.5539708412631189,0.7849746613664341,0.7566205521725637,0.4420042303549989,0.5982266068711057,0.5148707593979682,0.3562345758310519,0.20112907589259404,0.2695770432541844,0.6372346811120753,0.5296753960585368,0.8759802923462614,0.7397195085552504,0.35264313823173965,0.284499174187113,0.48616816460170126,0.3035620652842637,0.4101821717588261,0.3933739886251211,0.8521392651219033,0.11830733194749177,0.04439640109485832,0.7359914881379441,0.3181296652000033,0.2936441617962065,0.48243654911964606,0.5318233045604398,0.4477272615549239,0.20240867382340022,0.548047545380242,-0.12557979940001657,0.5,0.7588618112311254
64,0.562851796259624,0.7242833195734355,0.32785183267471396,0.9668354914331967,0.5603524467294086,0.5151782236634522,0.472024694597169,0.7876471914799146,0.5555234608533115,0.5884054328811648,0.4529743234468179,0.7480133575280415,0.07394285547714391,0.09235469366531918,0.28073391732368286,0.3858214166057733,0.6548617677914047,0.6066944578874788,0.24436410955482263,0.5941867907870462,0.7176872734935571,0.0,0.5662877507910274,0.859031139064131,0.4661584021618939,0.08185593761596605,0.44883422060967904,0.2111401278616265,0.821555461081229,0.9450556137814783,0.1953321014473891,-0.0799612727482627,0.5089500383081038
65,0.27188135344979003,0.4076617486405587,0.5176799447493615,0.641062236032227,0.25094103171169807,0.0,0.6426664813820299,0.3387748231428215,0.4771775044605186,0.3889692361576658,0.4201419162881013,0.5518066332315879,0.6055865062511536,0.41926397096106877,0.5586047610132908,0.38010563208373743,0.6142139432955496,0.3428600887932695,0.4399018887860394,0.30557401701190007,0.7107822861395177,0.7267126472375234,0.6057612134773656,0.7342039756365202,0.1704225141908045,0.0,0.917835454331554,0.46882307313081195,0.5972819825877729,1.0,-0.024870149615351705,0.08664725793012436,0.5527847607821561
66,0.4443104462777382,0.6212350881628101,0.866964621239843,0.026317377861153346,0.8966787366923481,0.6001621538355085,0.47063758116299415,0.5597712793062329,0.11536395663531385,0.740906689681717,0.05572294777118575,0.4236976339679488,0.9417549248055417,0.2653456999776381,0.9749644763383079,0.2730791445098645,0.6787001799680408,0.680807001963658,0.3411246549286856,0.5962299266409257,0.132043013980353,0.6569901983131338,0.4372663739488553,0.5488573514712662,0.5202183354335411,0.14517031953409132,0.821491327583938,0.5094906607032107,0.3507984923940112,0.45674618626659197,-0.5,0.4333399025660763,0.2951560811912415
67,0.2373117169147131,0.15965795699061314,0.7068822624113702,0.19120044095763805,0.5293724465105757,0.3024939740621373,0.7028261630959195,0.3322329272366892,0.49891145829222433,0.482304300462162,0.7476756809023621,0.32542692817741903,0.452053208264027,0.3000645916728918,0.4360007397441559,0.6883372608599123,0.4029203515212782,0.29039191689446675,0.45357297411529923,0.5929369399873108,0.24768412499759523,0.0007343254937092758,0.6365797688049565,0.20401382474739188,0.2505155735075629,0.13411515618172976,0.5100674840897554,0.48892287719226485,0.0,0.7764096477841558,0.056623286756722596,-0.3033749998203875,1.0
68,0.5920474884143224,0.4543769135447838,0.7607962810329696,0.5669525068859843,0.3277497319288019,1.0,0.6719270576232518,0.4056854288545524,0.2553324789638559,1.0,0.508063005619778,0.6083237698975847,0.3595183800597256,0.21697421007073714,0.6598200576097463,0.9513989628847508,0.15246236831189636,0.6927088249262099,0.10372935779302755,0.26302213291370274,0.22715674015971743,0.4141653333701708,0.2311075354713366,0.6593239419912271,0.3066066820501366,0.5795744417802429,0.7768895273623977,0.8622885029181693,0.4262636092559942,0.30876404893575465,0.09146755596418722,0.13626268996730928,0.17328308090114092
69,0.04631796081974526,0.7676363273528153,0.5508088361668038,0.8978865656057373,0.0,0.4577326767970369,0.5571456071781352,0.1932649514827824,0.6005220072270617,0.32219511494981967,0.7100555159714457,0.6605015953906863,0.6938906149410076,0.814477106179698,0.4981482820424959,0.6419092079421541,0.17614831274810405,0.4329850978512799,0.7234605080358275,0.6082670128731003,0.9201255595639155,0.6354199234170677,0.06310344235189153,0.8624518931495262,0.8048837954095084,0.027432225257897458,0.5150614001332287,0.8926611151702155,0.0,0.19127194841352663,0.12527537787706602,0.20262128330106288,0.0
70,0.6830744909194946,0.2513675886888233,0.5628383887761244,0.6586564381257757,0.3465840042217367,0.9229687161390363,0.9101179280794125,0.4892576856997975,0.21132465776929782,0.32558671059665323,0.6719246333788154,0.5362135910062958,0.5664463479776324,0.7122559700373687,0.5025562390508914,0.8766104684190209,0.40622524998190696,0.6415922868586182,0.8000596793931578,0.5477732622491239,0.0,0.0,0.35470702804438003,0.35998144870000204,0.5530713243052197,0.8041164472570472,0.45419010265023924,0.5251254200011489,0.291311939519302,0.8407634543515594,-0.2911382218871782,-0.06067319607173023,0.603539047574565
71,0.3297081184159053,0.5976179138283327,1.0,0.6312025808959824,0.8058511622276873,0.9258894937391706,0.6615272955519735,0.5546000547505676,0.3605035481417298,0.6698420946961661,0.9573390424736032,0.8544096303463141,0.4898357244339549,0.5193061019408821,0.6149612118820242,0.8465416195097013,0.07994274968889581,0.07013337002911685,0.46029549785742735,0.2262176232697914,0.37243335213667095,0.790714698105807,0.7964109209049838,0.5484813695501991,0.08097512755606284,0.5884389835480314,0.22426714118106617,0.4229603025318303,0.47686679832637213,0.3460398015854096,0.18715226579856317,0.17546658633178747,0.6128862048535578
72,0.23787718027298216,0.4717042807245642,0.3484649486655873,0.7889096341364592,0.17945702674803315,0.5895058146695312,0.6202485026633697,0.3908123281016713,0.0,0.0,0.5461879244656569,0.9595020217876276,0.62715748918992,0.47245660906351733,0.15659874385118,0.2907789358538445,0.5329074790882007,0.5638548874091535,0.4786888255522671,0.485075572382609,0.09657652137739847,0.4482585143318049,0.4327464589815739,0.8041099375801016,0.13449409322531358,0.4116933767075943,0.43911481491537174,0.6429746537381239,0.038842406927606044,0.20992637106276946,0.07120042176988331,-0.016670174384078005,0.0
73,0.17638330934407864,0.5169775040324076,0.3366875208868428,0.14325980906712055,0.45066348550648466,0.4422842897593333,0.6278530018785955,0.5641673207961422,0.6025168579262402,0.3796196834935649,0.8915616095411193,0.5080895065253159,0.03387340228680685,0.256147371254307,0.1613928177284124,0.7822033701057469,0.7755054173150356,0.7835505320038326,0.32717110905168223,0.4209024651979809,0.37976182682447734,1.0,0.600070604287718,0.6161388208053726,0.6171895782979467,0.4810000628081463,0.48914394451851073,0.5232156900907154,0.840919571882605,0.4523211888165327,-0.5,0.16229757728201835,0.24858294026174982
74,0.8073624839753115,0.4269158027348272,0.24179169844607273,0.0613123338787564,0.5960573527489551,0.507423580068971,0.5826226513295278,0.751354176661776,0.5043026760384841,0.7199183966806821,0.5769420029981731,0.48997507798917134,0.7478011363632642,0.5524425313315022,0.34892861560474925,0.3050188109325338,0.5518086012662635,0.38862790095711075,0.9091592039072317,0.8396729350374081,0.45235282672654914,0.38304626542452624,0.2410821587552287,0.11065079848442005,0.320307018340087,0.4039736517955476,0.33821180226913317,0.7531650494008917,0.789614250236921,0.17960614131547942,-0.1954044338630634,-0.1794829187319442,0.6972361279630415
75,0.2384546913144605,0.3720922525748124,0.7292514324550028,0.6286088640181459,0.17776726774384888,0.0,0.0,0.3509536117848202,0.7758935732271766,0.3632552282174019,0.16076633892010977,1.0,0.7318849992697579,0.4916567634503535,0.3892562116784354,1.0,0.8158422558332844,0.5440418683577822,0.49915152977779653,0.06996795437129621,0.48585328042855597,0.5800862584203833,0.7430704007494301,0.658868611059073,0.46514148803960104,0.3103072862286981,0.16754978283634353,0.06919956037864788,0.6012702791010407,0.42450297817533644,-0.09714688910681356,-0.20483352825263143,0.4528252708581529
76,0.10604427187218513,0.3733271986390453,0.4399782619228241,0.39117032084311365,0.9280093458449112,0.9560064036369134,0.6417087919554818,0.0,0.4167418380913969,0.5333126060552156,0.7626792926812778,0.05775601422019688,0.5754543713214022,0.5362049925123034,0.6508957480585762,0.6443628700051598,0.13859524842855958,0.6288630055036608,0.7671965793866974,0.37380842795193003,0.3830839342514333,0.5605563425415135,0.19792343147007407,0.19198356327081245,0.5094176100488251,0.11787439164628027,0.2982397503524278,0.11581092935023224,0.3408153089738385,0.4737439768889116,0.10701064210988818,-0.02427655195732836,0.33966635150933344
77,0.8037580342678741,0.4271383154215672,0.026864675100884028,0.9400649318109718,0.7337991108723134,0.6847426925274228,0.7704501397108925,0.4603684761392425,0.34293093831202937,1.0,0.8120955433329913,0.5121727704310906,0.10287800536853653,0.4952084924841317,0.21243746357684068,0.1443468310614821,0.6721605123638954,0.1421454876014454,0.03376825485696272,0.16164701411523708,0.5453273368129118,1.0,0.5431336047071377,0.7951347943480784,0.18295801459296873,0.5750550365492066,0.3875035858249998,0.0,0.5946967988021741,0.37116146922011606,0.006576399336313789,-0.11115925313741619,0.739101737228485
78,0.6334757058367494,0.8482795362427529,0.15980887882410916,0.543231292206122,0.3463687968156014,0.5887372877079532,0.23990058258269414,0.7666248473872479,0.48251927360020497,0.3862683460337661,0.8766835624221029,0.8227102783924396,0.9563862125208189,0.5843403258558691,0.5348219185417755,0.7288662961234653,0.7191975730829104,0.379054114826604,0.5870130253739732,0.644909919817602,0.6203007296740044,0.27260440382023243,0.5854874528658305,0.41873347381716003,0.43924780605570024,0.5148862303962867,0.7728214129222679,0.470026354662507,0.6109444979549834,0.7452555848225523,-0.1611475360370717,0.3279634285417539,0.08696785114808914
79,0.2476392239913866,0.7149529523035912,0.5519134975027595,0.2216806855462481,0.08291562123683582,0.8030388988413022,0.16885510574343016,0.5629927124747528,0.7494186205362918,0.6046975657191946,0.6625625896083926,1.0,0.8329364421154052,0.36735386792237207,0.5044739501801615,0.020975370823516692,0.5417482702497032,0.0,0.4374677773286896,0.9925062581116088,0.7451134532664903,0.6113543910339178,0.5038623086732812,0.5547925569539454,0.15394695994558572,0.4538028623846119,0.45050274986113603,0.8525265361083235,0.5277985049985882,0.6518383392915101,-0.10238930954338328,0.13573553999338295,0.8779498823839555
80,0.7975265859438292,0.42141690981370744,0.5657339999641589,0.19621999513660332,0.7476655432834375,0.2641380930250904,0.2810122295612149,0.11008452445578432,0.9299777760774904,0.4485522543784665,0.4737521632685032,0.6622383255372728,0.06949098669621889,0.5534091735865352,0.4374201391320449,0.3747549347023401,0.20318129831440412,0.772428565110985,0.7183142463865054,0.46781605013237004,0.3220610230727281,0.8088404113488747,0.9447163166149048,0.26727792959097935,0.12770034298367922,0.13451385239805536,0.6055689663502621,0.9509615398225972,1.0,0.08884314687434625,0.21991991325217747,0.2463667210394475,0.1689510507424608
81,0.6159163927785317,0.2827296002771419,0.0,0.0,0.6718843869524431,0.7075389145062488,0.5412954649503233,0.42352195769271334,0.4586941150906984,0.41202707838929997,0.5182908462514131,0.5048408819520657,0.4621549061128577,0.43278630604307355,0.7767264467883054,0.5913444782866055,0.4548931395990663,0.22945158961069406,0.5217950743534246,0.0,0.31964333721829075,0.434126973039747,0.4477855964394353,0.5960051081806675,0.5468903405464732,0.5988473452413375,0.06510326052840698,1.0,0.6226285461393269,0.45339489193453625,0.17647139374636955,0.0016147854174835392,1.0
82,0.5412111443133572,0.4535461279395134,0.3375507797390682,0.7901683314930275,0.6831727009867217,0.6928176199128854,0.4508700782092094,0.45911617993720044,0.6404781380597082,0.36069588211308545,0.8652281212558368,0.27198923094304417,0.6188810868382267,0.46858847130870906,0.5111243484603043,0.6841635107687981,0.2469571645886416,0.48919009234627053,0.7180785399370924,0.5280647853136773,0.4506286644038671,0.42181675560153997,0.4340173230381058,0.4433048087219369,0.33721904313310647,0.5105647614559925,0.9697558336304265,0.45502287528728896,0.5537562414673314,0.48155741297121823,0.2612836303934724,-0.17197984612511708,0.20429920893122072
83,0.4911466034547927,0.46340018632551355,0.47969128161574565,0.5003506366804936,0.5369669208778461,0.4329138055966947,0.6008744461401712,0.25174590817219,0.5358676931331116,0.8851919539015736,0.5945242602043511,0.542656314794918,0.4005097578587858,0.4949018830606719,0.3157001922701804,0.8008985496092087,0.3811789003131693,0.005412869386976216,0.5228660381276687,0.2396726209629299,0.0,0.20916353042412889,0.23772394701279115,0.4677181750907341,0.7997690491602468,0.4893340728725225,0.23553508699471964,0.4587635681242299,0.5740387059537074,0.2557903160180508,0.27082262991279216,-0.09017793223935316,0.5066311971225967
84,0.4041747608033011,0.7427429426943354,0.3765159204751619,0.6500244685961503,0.48529541361011147,0.5722090130392191,0.45233610540109165,0.782014990927149,0.3432753604776251,0.3372237673144589,0.03864935447691281,0.10441123195668811,0.3855300034949842,0.9753495711527034,0.21628734142570671,0.49908771552929615,0.7906179032604913,0.4084392369774662,0.6700732086882257,0.7432805644546522,0.6194897137214798,0.6651275603452652,0.7287665817526896,0.8149764361381644,0.35858198935162,0.9313370764848967,0.6274609485502317,0.9873013702779384,0.840764719078658,0.526052125484992,0.1813637512369751,0.045676462988262584,0.5699097944568309
85,0.9410403685321012,0.6149147960257284,0.37683968757899544,0.4231860124518507,0.28393320403882605,0.4883836189125367,0.31346309934900096,0.41039013089579557,0.7047508204540602,0.6841649553018725,0.9721842121218343,0.938825620055938,0.44872411165243686,0.3038121737535815,0.42338838999104994,0.366196436218441,0.19176508188032038,0.8924952342738228,0.7048508719506402,1.0,0.22259226907662943,0.9602904703414944,0.6454776867986131,0.6238765292517277,0.2537558981245511,0.5760947975671155,0.5959483548966521,0.2807138576640953,0.0,0.8078821692427112,0.5,0.1534589648148527,0.9884045786118754
86,0.4346170322139931,0.5472562600821447,0.3876668312497893,0.254455963072452,0.009487569442127586,0.4072733673082581,0.6559908760886257,0.7253163547962904,0.16857660106696493,0.1626451028396177,0.3123828253473098,0.7679189685962856,0.25732754289618004,0.3655572949312649,0.45337854545660716,0.42459669790797766,1.0,0.9136119652379532,0.7075262328319502,0.6010392163414429,0.6022062352398405,0.5582885686542022,0.897507244892782,0.5888285740878225,0.06444762122058822,0.3476170587363663,0.42392807629450663,0.4938977179617262,0.0,0.8030522793880959,0.1458464760950521,-0.10066508526508611,0.6557228799902829
87,0.11141198237953537,0.21001660575158587,0.646800491704022,0.6891732526808051,0.2685895393631248,0.7917228644006054,0.3427430588987587,0.6357302613968194,0.7089609555875807,0.5422045481994687,0.4844626329202054,0.50787389956154,0.3599820536566434,0.59951012180878,0.8179098548441082,0.6100626719268758,0.6167012854634457,0.4045806767999911,0.5093273278798466,0.05811427003224723,0.696703834272464,0.25019025228931263,0.6481286522990505,0.7302634397690546,0.7730965862800201,0.34347107548929934,0.05467314821659491,0.5879434734233636,0.7381537032235057,0.06417384086639116,0.1014655537246582,-0.0654855834997568,0.5644220428979017
88,0.21807352705230332,0.645808327362537,0.3349052749212559,0.3510018518122391,0.605599429012144,0.45893332144382865,0.6130827789906236,0.8675499451026085,0.6169557734799321,0.8383687738818464,0.4952567701803625,0.7661778215754695,0.19959853719445597,0.25417465610254886,0.03168414783737766,0.5854281179368142,0.2740005816746705,0.0,0.5650005163151752,0.189094806461151,0.4092488758798813,0.8383078506617856,0.22500419548793243,0.5372924948103439,0.6552394066906395,0.9336217878409825,0.21455528290116282,0.5029853248556954,1.0,0.720361187553128,0.11779347376628853,-0.02930824414300444,0.154195695387226
89,0.4483126800310774,0.4008686038614082,0.23081337974419902,0.2767523992634775,0.345198634313781,0.8370047491107326,0.0,0.0,0.45531906617275986,0.1531715008874603,0.3949887561934082,0.49913413950358726,0.9343865131344913,0.14446255839422134,0.6132094437229434,0.5786058111805248,0.5570660271859157,0.7441914946521633,0.618313967455493,0.7777292837046399,0.07192788029740804,0.40951558377734365,0.4360433679025223,0.22065457628975954,0.45025105810998023,0.6402363133235385,0.3927839618919361,0.5565026412318798,0.04110094371942774,0.8679020778744633,-0.37431396195462846,0.16415475512599906,0.8608994981487452
90,0.5011330475666346,0.807580808746582,0.4308918949012231,0.7078800642507732,0.26854975475907394,0.28418784714223805,0.2694053190969835,0.7831797668899754,0.6321649587968877,0.4312953600592351,0.5396699439709958,0.11666135393669114,0.0,0.822074810706204,0.45128040319102475,0.7182684588740559,0.6534110762670867,0.34312476988732743,0.4726459430516131,0.43827280388100526,0.3216848315018206,0.16231723172569862,0.5144422874284493,0.12590135439484273,0.355712642710469,0.41914977892571303,0.9538861437951405,0.4612871494057248,0.6622702296899453,0.6230467333237544,-0.11958011601060166,-0.02652140144884229,0.5132130193173413
91,0.5037941166910144,0.5565477334892124,0.350312309414785,0.7691800708151615,0.47229468482388676,0.6666500084712537,0.28871948475298204,0.8730854392554007,0.3120020291697324,0.9120987304181639,0.5702745922123175,0.2638801313147978,0.7697852384582144,0.24778130386198638,0.8615189892997501,0.2665638649018289,0.4124839166350119,0.3953433643756823,0.36073237211889,0.5096763320443566,0.7239437332772848,0.6940519453321261,0.6738111449809068,0.3527437773245446,0.5062589203786457,0.9071350349461802,1.0,0.38692228016688,0.5524968127771072,0.6461147686526466,-0.19565207909565202,-0.03679863369570492,0.801211450476998
92,0.8873902063644976,0.5519860893282365,0.4573344928636905,0.42456407737572344,0.40399710411397294,0.6611952853526666,0.7806790060042248,0.7814082085038858,0.6326114166560098,0.5382000230683094,0.5182869420988676,0.0,0.38264568725317716,0.40485754665110574,0.1770080905335163,0.5635746098663962,0.39373381882135117,0.4572374493282391,0.15608388765005782,0.5738498474901829,0.5338159085559167,0.4024210230140839,0.5075833864166158,0.137044382335882,0.2859715125862241,0.3411588260417962,0.7922638425073126,0.48967716513367077,0.6255959750689413,0.6133461426649881,-0.5,0.2627643858906852,1.0
93,0.29729124312542166,0.46058665711108704,0.005989643251835486,0.30353151236660525,0.6626607627205008,0.5200151783308468,0.5534903469167705,0.7103860954364796,0.3525187281806021,0.4044118693250328,0.5664920474950936,0.7473317914864679,0.8051230258715045,0.6661023388808562,0.39361400811376784,0.42750076855771435,0.9100224900518472,0.39196064808855746,0.503265047130121,0.37878248714276574,0.3732750187690387,0.6585973739033126,0.6236000657678453,0.12227046018143417,0.9345725959430724,0.8745163214425666,0.36353215403926864,0.7488562878416849,0.0,0.8712443104163776,0.2585879800594992,0.3649582233936299,0.3428177309162853
94,0.4051232342215535,0.4111554549805194,0.459099748023998,0.04710591451426299,0.7228347048132102,0.7698915890475564,0.705514744064665,0.31472458008069704,0.5858570233612174,0.7168109459876191,0.5420427254864731,0.29015423264670426,0.5209695778853178,0.2688803472925929,0.38774624426787296,0.5474705109644213,0.03993570815192632,0.25247591502339706,0.5178723755067391,0.7278003865278063,0.3803208760794633,0.6167930818016187,0.6679057860415283,0.3684930325843533,0.6125878023904876,0.47165014859418514,0.8196497469523513,0.43193316965754525,0.36231798183311703,0.4187031133238797,0.22339735362150684,-0.010344837611955383,0.5580484080508284
95,0.5351198545632915,0.5122677414604488,0.5013272449668944,0.42476913106912273,0.5585735892323557,0.052351602849811385,0.7142955795768947,0.015704160864150274,0.8184382742412444,0.4141167580109011,0.20054129704906054,0.9213716819075262,0.34639717895944006,0.6812587102524907,0.5900796876157719,0.3056600520934021,0.2909485929332891,0.8604453596547472,0.5972366333719288,0.8966457138535313,0.9121317963682467,0.3088850402050586,0.0,0.545783492335858,0.7055450491361126,1.0,0.5037953117288198,0.12188963247456303,0.8413696968343282,0.20414868658062485,-0.15933663251672242,-0.007550907450139682,0.9292562176133695
96,0.30027476937610575,0.1971881860058456,0.34170154891461857,0.6332741839553133,0.9129150782187159,0.36742454292946086,0.44455371167361984,0.7083453271204787,0.4195326726150156,0.49705466955871797,0.5932150144810101,0.4265571127682233,0.07509510539295028,0.44983955696942035,0.247283621689931,1.0,0.2378751117843687,0.34078771641400984,0.41385845333774757,0.48428560888076044,0.19473539749810959,0.44556911294368545,0.6253363329156638,0.4475069928061957,0.4331541889318046,0.5812785728485341,0.007666880198995973,0.7564308419295487,0.6658394680634336,0.33514120248833423,-0.5,-0.18846975808019237,0.17781414136915202
97,0.5761185098242108,0.3374135286004129,0.4441974899548125,0.5011303778545293,0.36271293080430217,0.373091372512822,0.6352792181170601,0.1170683329792126,0.0,0.23808510424147056,0.6507385389801016,0.3761194863661165,0.5014503817458603,0.0,0.36545230523854677,0.16655216652743904,0.7871611559677723,0.5983114399543397,0.5009384358997087,0.2939066561167444,0.8586504725215336,0.6513444185332269,0.6576597105996663,0.5833709353075619,0.23376896295653443,0.09972110892851571,0.5103209349359196,0.9062144473307852,0.05568894516811801,0.23789632609972833,-0.10184265789170494,0.27802366627088343,0.14773186519726528
98,0.43432762686024107,0.48268440736340706,0.5679662147010907,0.9408325805761011,0.36753690850410675,0.5283552191592491,0.23097075902710812,0.35917143372649973,0.7313886751333273,0.1768696078365547,0.42512147677099854,0.5889393627242344,0.6021877910199798,0.49843728094229056,0.3303477306436463,0.56594181833062,0.5042932411193798,0.44142118662255286,0.6227636974684259,0.04534866927222464,0.456714994978337,0.6311601444397945,1.0,0.4258796136090008,0.6415942764788648,0.44399925132211515,0.40494371206155033,0.21313692538989198,0.7187762996858292,0.6493689750753512,0.08345998437523727,-0.024356697646227277,0.8505995013360651
99,0.5437415301218961,0.4499616288908095,0.5646274959868363,0.0,0.36134413489897566,0.0,0.481223224522398,0.5960036367036893,0.7967405010437112,0.0,0.9318543804247947,0.7068967295368805,0.13424994202260393,0.5226631526814973,0.7603229497408104,0.41683984440114763,0.38550668858204806,0.4225814846479059,0.6439863505321495,0.11084717336572447,0.0,0.5004491340462386,0.4254853375349077,0.5598148295794834,0.2592974423947001,0.4702380664405055,0.4546688121542986,0.6197943517742561,0.6730971743838333,0.7757348609467485,0.020242704073637107,-0.08725377897992148,0.16186294251384337
