obsnme,obsval,weight,obgnme,extra
gage_1_20151231,951.71,0.0,gage,
gage_1_20160131,1530.1,0.0043570137028,gage,
gage_1_20160229,1855.3,0.0035933092582,gage,
gage_1_20160331,1907.1,0.0034957090172,gage,
gage_1_20160430,1747.7,0.0038145372013,gage,
gage_1_20160531,1456.9,0.004575926053,gage,
gage_1_20160630,1011.6,0.0065902201134,gage,
gage_1_20160731,667.96,0.0099806375631,gage,
gage_1_20160831,389.33,0.017123434276,gage,
gage_1_20160930,255.19,0.026124325666,gage,
gage_1_20161031,297.89,0.022379625589,gage,
gage_1_20161130,460.64,0.014472617807,gage,
gage_1_20161231,887.43,0.007512329611,gage,
gage_1_20170131,1141.2,0.0,gage,
gage_1_20170228,1324.5,0.0,gage,
gage_1_20170331,1409.8,0.0,gage,
gage_1_20170430,1324.2,0.0,gage,
gage_1_20170531,1134.7,0.0,gage,
gage_1_20170630,943.86,0.0,gage,
gage_1_20170731,717.24,0.0,gage,
gage_1_20170831,542.02,0.0,gage,
gage_1_20170930,441.19,0.0,gage,
gage_1_20171031,497.44,0.0,gage,
gage_1_20171130,743.37,0.0,gage,
gage_1_20171231,913.8,0.0,gage,
headwater_20151231,-447.62,0.0,headwater,
headwater_20160131,-723.24,0.0,headwater,
headwater_20160229,-890.0,0.0,headwater,
headwater_20160331,-927.92,0.0,headwater,
headwater_20160430,-859.92,0.0,headwater,
headwater_20160531,-722.84,0.0,headwater,
headwater_20160630,-498.49,0.0,headwater,
headwater_20160731,-345.03,0.0,headwater,
headwater_20160831,-248.2,0.0,headwater,
headwater_20160930,-186.06,0.0,headwater,
headwater_20161031,-193.56,0.0,headwater,
headwater_20161130,-239.77,0.0,headwater,
headwater_20161231,-422.34,0.0,headwater,
headwater_20170131,-535.36,0.0,headwater,
headwater_20170228,-626.67,0.0,headwater,
headwater_20170331,-683.8,0.0,headwater,
headwater_20170430,-663.56,0.0,headwater,
headwater_20170531,-600.67,0.0,headwater,
headwater_20170630,-523.38,0.0,headwater,
headwater_20170731,-412.85,0.0,headwater,
headwater_20170831,-302.01,0.0,headwater,
headwater_20170930,-238.64,0.0,headwater,
headwater_20171031,-230.21,0.0,headwater,
headwater_20171130,-321.87,0.0,headwater,
headwater_20171231,-393.54,0.0,headwater,
in_ghb_flx_20151231,0.0,0.0,in_ghb,
in_ghb_flx_20160131,0.0,0.0,in_ghb,
in_ghb_flx_20160229,0.0,0.0,in_ghb,
in_ghb_flx_20160331,0.0,0.0,in_ghb,
in_ghb_flx_20160430,0.0,0.0,in_ghb,
in_ghb_flx_20160531,0.0,0.0,in_ghb,
in_ghb_flx_20160630,0.0,0.0,in_ghb,
in_ghb_flx_20160731,0.0,0.0,in_ghb,
in_ghb_flx_20160831,0.0,0.0,in_ghb,
in_ghb_flx_20160930,0.0,0.0,in_ghb,
in_ghb_flx_20161031,0.0,0.0,in_ghb,
in_ghb_flx_20161130,0.0,0.0,in_ghb,
in_ghb_flx_20161231,0.0,0.0,in_ghb,
in_ghb_flx_20170131,0.0,0.0,in_ghb,
in_ghb_flx_20170228,0.0,0.0,in_ghb,
in_ghb_flx_20170331,0.0,0.0,in_ghb,
in_ghb_flx_20170430,0.0,0.0,in_ghb,
in_ghb_flx_20170531,0.0,0.0,in_ghb,
in_ghb_flx_20170630,0.0,0.0,in_ghb,
in_ghb_flx_20170731,0.0,0.0,in_ghb,
in_ghb_flx_20170831,0.0,0.0,in_ghb,
in_ghb_flx_20170930,0.0,0.0,in_ghb,
in_ghb_flx_20171031,0.0,0.0,in_ghb,
in_ghb_flx_20171130,0.0,0.0,in_ghb,
in_ghb_flx_20171231,0.0,0.0,in_ghb,
in_rch_flx_20151231,2550.1,0.0,in_rch,
in_rch_flx_20160131,4998.29,0.0,in_rch,
in_rch_flx_20160229,4838.09,0.0,in_rch,
in_rch_flx_20160331,3872.55,0.0,in_rch,
in_rch_flx_20160430,2970.93,0.0,in_rch,
in_rch_flx_20160531,2267.98,0.0,in_rch,
in_rch_flx_20160630,1506.62,0.0,in_rch,
in_rch_flx_20160731,1040.28,0.0,in_rch,
in_rch_flx_20160831,870.597,0.0,in_rch,
in_rch_flx_20160930,1090.44,0.0,in_rch,
in_rch_flx_20161031,1664.65,0.0,in_rch,
in_rch_flx_20161130,2078.43,0.0,in_rch,
in_rch_flx_20161231,3679.61,0.0,in_rch,
in_rch_flx_20170131,3064.46,0.0,in_rch,
in_rch_flx_20170228,3187.12,0.0,in_rch,
in_rch_flx_20170331,3006.05,0.0,in_rch,
in_rch_flx_20170430,2506.0,0.0,in_rch,
in_rch_flx_20170531,1684.97,0.0,in_rch,
in_rch_flx_20170630,1348.55,0.0,in_rch,
in_rch_flx_20170731,873.372,0.0,in_rch,
in_rch_flx_20170831,1114.05,0.0,in_rch,
in_rch_flx_20170930,1224.19,0.0,in_rch,
in_rch_flx_20171031,1782.58,0.0,in_rch,
in_rch_flx_20171130,2781.16,0.0,in_rch,
in_rch_flx_20171231,2492.5,0.0,in_rch,
in_sfr_flx_20151231,0.0,0.0,in_sfr,
in_sfr_flx_20160131,0.0,0.0,in_sfr,
in_sfr_flx_20160229,0.0,0.0,in_sfr,
in_sfr_flx_20160331,0.0,0.0,in_sfr,
in_sfr_flx_20160430,0.0,0.0,in_sfr,
in_sfr_flx_20160531,0.0,0.0,in_sfr,
in_sfr_flx_20160630,0.0,0.0,in_sfr,
in_sfr_flx_20160731,0.0,0.0,in_sfr,
in_sfr_flx_20160831,0.0,0.0,in_sfr,
in_sfr_flx_20160930,11.7666,0.0,in_sfr,
in_sfr_flx_20161031,3.8317,0.0,in_sfr,
in_sfr_flx_20161130,0.0,0.0,in_sfr,
in_sfr_flx_20161231,0.0,0.0,in_sfr,
in_sfr_flx_20170131,0.0,0.0,in_sfr,
in_sfr_flx_20170228,0.0,0.0,in_sfr,
in_sfr_flx_20170331,0.0,0.0,in_sfr,
in_sfr_flx_20170430,0.0,0.0,in_sfr,
in_sfr_flx_20170531,0.0,0.0,in_sfr,
in_sfr_flx_20170630,0.0,0.0,in_sfr,
in_sfr_flx_20170731,0.0,0.0,in_sfr,
in_sfr_flx_20170831,0.0,0.0,in_sfr,
in_sfr_flx_20170930,0.0,0.0,in_sfr,
in_sfr_flx_20171031,0.0,0.0,in_sfr,
in_sfr_flx_20171130,0.0,0.0,in_sfr,
in_sfr_flx_20171231,0.0,0.0,in_sfr,
in_ss_flx_20151231,0.0,0.0,in_ss,
in_ss_flx_20160131,0.0,0.0,in_ss,
in_ss_flx_20160229,0.0,0.0,in_ss,
in_ss_flx_20160331,0.1005,0.0,in_ss,
in_ss_flx_20160430,10.1156,0.0,in_ss,
in_ss_flx_20160531,18.8518,0.0,in_ss,
in_ss_flx_20160630,29.6777,0.0,in_ss,
in_ss_flx_20160731,27.3053,0.0,in_ss,
in_ss_flx_20160831,25.3913,0.0,in_ss,
in_ss_flx_20160930,13.1225,0.0,in_ss,
in_ss_flx_20161031,1.6172,0.0,in_ss,
in_ss_flx_20161130,0.1963,0.0,in_ss,
in_ss_flx_20161231,0.0,0.0,in_ss,
in_ss_flx_20170131,0.0,0.0,in_ss,
in_ss_flx_20170228,0.0,0.0,in_ss,
in_ss_flx_20170331,0.045349,0.0,in_ss,
in_ss_flx_20170430,4.9209,0.0,in_ss,
in_ss_flx_20170531,13.2848,0.0,in_ss,
in_ss_flx_20170630,14.1346,0.0,in_ss,
in_ss_flx_20170731,17.3476,0.0,in_ss,
in_ss_flx_20170831,12.4613,0.0,in_ss,
in_ss_flx_20170930,10.5603,0.0,in_ss,
in_ss_flx_20171031,0.637,0.0,in_ss,
in_ss_flx_20171130,0.0027796,0.0,in_ss,
in_ss_flx_20171231,0.0,0.0,in_ss,
in_sy_flx_20151231,0.0,0.0,in_sy,
in_sy_flx_20160131,0.0,0.0,in_sy,
in_sy_flx_20160229,0.0,0.0,in_sy,
in_sy_flx_20160331,2.5788,0.0,in_sy,
in_sy_flx_20160430,509.038,0.0,in_sy,
in_sy_flx_20160531,1174.22,0.0,in_sy,
in_sy_flx_20160630,1967.2,0.0,in_sy,
in_sy_flx_20160731,1927.32,0.0,in_sy,
in_sy_flx_20160831,1699.97,0.0,in_sy,
in_sy_flx_20160930,1019.81,0.0,in_sy,
in_sy_flx_20161031,227.58,0.0,in_sy,
in_sy_flx_20161130,42.8207,0.0,in_sy,
in_sy_flx_20161231,0.0,0.0,in_sy,
in_sy_flx_20170131,0.0,0.0,in_sy,
in_sy_flx_20170228,0.0,0.0,in_sy,
in_sy_flx_20170331,0.8249,0.0,in_sy,
in_sy_flx_20170430,214.521,0.0,in_sy,
in_sy_flx_20170531,744.229,0.0,in_sy,
in_sy_flx_20170630,888.618,0.0,in_sy,
in_sy_flx_20170731,1179.61,0.0,in_sy,
in_sy_flx_20170831,1011.25,0.0,in_sy,
in_sy_flx_20170930,812.758,0.0,in_sy,
in_sy_flx_20171031,184.959,0.0,in_sy,
in_sy_flx_20171130,2.5542,0.0,in_sy,
in_sy_flx_20171231,0.0,0.0,in_sy,
in_wel_flx_20151231,0.0,0.0,in_wel,
in_wel_flx_20160131,0.0,0.0,in_wel,
in_wel_flx_20160229,0.0,0.0,in_wel,
in_wel_flx_20160331,0.0,0.0,in_wel,
in_wel_flx_20160430,0.0,0.0,in_wel,
in_wel_flx_20160531,0.0,0.0,in_wel,
in_wel_flx_20160630,0.0,0.0,in_wel,
in_wel_flx_20160731,0.0,0.0,in_wel,
in_wel_flx_20160831,0.0,0.0,in_wel,
in_wel_flx_20160930,0.0,0.0,in_wel,
in_wel_flx_20161031,0.0,0.0,in_wel,
in_wel_flx_20161130,0.0,0.0,in_wel,
in_wel_flx_20161231,0.0,0.0,in_wel,
in_wel_flx_20170131,0.0,0.0,in_wel,
in_wel_flx_20170228,0.0,0.0,in_wel,
in_wel_flx_20170331,0.0,0.0,in_wel,
in_wel_flx_20170430,0.0,0.0,in_wel,
in_wel_flx_20170531,0.0,0.0,in_wel,
in_wel_flx_20170630,0.0,0.0,in_wel,
in_wel_flx_20170731,0.0,0.0,in_wel,
in_wel_flx_20170831,0.0,0.0,in_wel,
in_wel_flx_20170930,0.0,0.0,in_wel,
in_wel_flx_20171031,0.0,0.0,in_wel,
in_wel_flx_20171130,0.0,0.0,in_wel,
in_wel_flx_20171231,0.0,0.0,in_wel,
out_ghb_flx_20151231,381.485,0.0,out_ghb,
out_ghb_flx_20160131,542.572,0.0,out_ghb,
out_ghb_flx_20160229,645.807,0.0,out_ghb,
out_ghb_flx_20160331,668.91,0.0,out_ghb,
out_ghb_flx_20160430,634.038,0.0,out_ghb,
out_ghb_flx_20160531,559.355,0.0,out_ghb,
out_ghb_flx_20160630,449.521,0.0,out_ghb,
out_ghb_flx_20160731,321.574,0.0,out_ghb,
out_ghb_flx_20160831,188.958,0.0,out_ghb,
out_ghb_flx_20160930,122.318,0.0,out_ghb,
out_ghb_flx_20161031,117.075,0.0,out_ghb,
out_ghb_flx_20161130,171.291,0.0,out_ghb,
out_ghb_flx_20161231,313.51,0.0,out_ghb,
out_ghb_flx_20170131,397.299,0.0,out_ghb,
out_ghb_flx_20170228,463.267,0.0,out_ghb,
out_ghb_flx_20170331,501.127,0.0,out_ghb,
out_ghb_flx_20170430,484.051,0.0,out_ghb,
out_ghb_flx_20170531,421.907,0.0,out_ghb,
out_ghb_flx_20170630,363.169,0.0,out_ghb,
out_ghb_flx_20170731,290.182,0.0,out_ghb,
out_ghb_flx_20170831,244.006,0.0,out_ghb,
out_ghb_flx_20170930,196.646,0.0,out_ghb,
out_ghb_flx_20171031,215.842,0.0,out_ghb,
out_ghb_flx_20171130,299.627,0.0,out_ghb,
out_ghb_flx_20171231,351.778,0.0,out_ghb,
out_rch_flx_20151231,0.0,0.0,out_rch,
out_rch_flx_20160131,0.0,0.0,out_rch,
out_rch_flx_20160229,0.0,0.0,out_rch,
out_rch_flx_20160331,0.0,0.0,out_rch,
out_rch_flx_20160430,0.0,0.0,out_rch,
out_rch_flx_20160531,0.0,0.0,out_rch,
out_rch_flx_20160630,0.0,0.0,out_rch,
out_rch_flx_20160731,0.0,0.0,out_rch,
out_rch_flx_20160831,0.0,0.0,out_rch,
out_rch_flx_20160930,0.0,0.0,out_rch,
out_rch_flx_20161031,0.0,0.0,out_rch,
out_rch_flx_20161130,0.0,0.0,out_rch,
out_rch_flx_20161231,0.0,0.0,out_rch,
out_rch_flx_20170131,0.0,0.0,out_rch,
out_rch_flx_20170228,0.0,0.0,out_rch,
out_rch_flx_20170331,0.0,0.0,out_rch,
out_rch_flx_20170430,0.0,0.0,out_rch,
out_rch_flx_20170531,0.0,0.0,out_rch,
out_rch_flx_20170630,0.0,0.0,out_rch,
out_rch_flx_20170731,0.0,0.0,out_rch,
out_rch_flx_20170831,0.0,0.0,out_rch,
out_rch_flx_20170930,0.0,0.0,out_rch,
out_rch_flx_20171031,0.0,0.0,out_rch,
out_rch_flx_20171130,0.0,0.0,out_rch,
out_rch_flx_20171231,0.0,0.0,out_rch,
out_sfr_flx_20151231,870.73,0.0,out_sfr,
out_sfr_flx_20160131,1401.27,0.0,out_sfr,
out_sfr_flx_20160229,1722.31,0.0,out_sfr,
out_sfr_flx_20160331,1785.71,0.0,out_sfr,
out_sfr_flx_20160430,1650.12,0.0,out_sfr,
out_sfr_flx_20160531,1388.94,0.0,out_sfr,
out_sfr_flx_20160630,971.898,0.0,out_sfr,
out_sfr_flx_20160731,644.5,0.0,out_sfr,
out_sfr_flx_20160831,364.54,0.0,out_sfr,
out_sfr_flx_20160930,224.717,0.0,out_sfr,
out_sfr_flx_20161031,230.724,0.0,out_sfr,
out_sfr_flx_20161130,362.995,0.0,out_sfr,
out_sfr_flx_20161231,757.899,0.0,out_sfr,
out_sfr_flx_20170131,997.286,0.0,out_sfr,
out_sfr_flx_20170228,1183.47,0.0,out_sfr,
out_sfr_flx_20170331,1287.29,0.0,out_sfr,
out_sfr_flx_20170430,1231.01,0.0,out_sfr,
out_sfr_flx_20170531,1076.48,0.0,out_sfr,
out_sfr_flx_20170630,912.843,0.0,out_sfr,
out_sfr_flx_20170731,697.246,0.0,out_sfr,
out_sfr_flx_20170831,515.83,0.0,out_sfr,
out_sfr_flx_20170930,391.07,0.0,out_sfr,
out_sfr_flx_20171031,413.785,0.0,out_sfr,
out_sfr_flx_20171130,628.678,0.0,out_sfr,
out_sfr_flx_20171231,774.69,0.0,out_sfr,
out_ss_flx_20151231,0.0,0.0,out_ss,
out_ss_flx_20160131,40.637,0.0,out_ss,
out_ss_flx_20160229,26.3775,0.0,out_ss,
out_ss_flx_20160331,4.9109,0.0,out_ss,
out_ss_flx_20160430,0.1326,0.0,out_ss,
out_ss_flx_20160531,8.435e-05,0.0,out_ss,
out_ss_flx_20160630,0.0,0.0,out_ss,
out_ss_flx_20160731,0.0,0.0,out_ss,
out_ss_flx_20160831,0.00074788,0.0,out_ss,
out_ss_flx_20160930,0.1177,0.0,out_ss,
out_ss_flx_20161031,1.9982,0.0,out_ss,
out_ss_flx_20161130,11.5375,0.0,out_ss,
out_ss_flx_20161231,31.0104,0.0,out_ss,
out_ss_flx_20170131,17.4888,0.0,out_ss,
out_ss_flx_20170228,14.9537,0.0,out_ss,
out_ss_flx_20170331,7.6786,0.0,out_ss,
out_ss_flx_20170430,0.3692,0.0,out_ss,
out_ss_flx_20170531,0.0034911,0.0,out_ss,
out_ss_flx_20170630,0.091081,0.0,out_ss,
out_ss_flx_20170731,0.0,0.0,out_ss,
out_ss_flx_20170831,0.0,0.0,out_ss,
out_ss_flx_20170930,0.0,0.0,out_ss,
out_ss_flx_20171031,4.8457,0.0,out_ss,
out_ss_flx_20171130,18.6169,0.0,out_ss,
out_ss_flx_20171231,10.8291,0.0,out_ss,
out_sy_flx_20151231,0.0,0.0,out_sy,
out_sy_flx_20160131,2536.69,0.0,out_sy,
out_sy_flx_20160229,1907.94,0.0,out_sy,
out_sy_flx_20160331,598.298,0.0,out_sy,
out_sy_flx_20160430,56.1359,0.0,out_sy,
out_sy_flx_20160531,0.072264,0.0,out_sy,
out_sy_flx_20160630,0.0,0.0,out_sy,
out_sy_flx_20160731,0.0,0.0,out_sy,
out_sy_flx_20160831,0.027151,0.0,out_sy,
out_sy_flx_20160930,2.0213,0.0,out_sy,
out_sy_flx_20161031,95.662,0.0,out_sy,
out_sy_flx_20161130,597.279,0.0,out_sy,
out_sy_flx_20161231,1894.33,0.0,out_sy,
out_sy_flx_20170131,1240.59,0.0,out_sy,
out_sy_flx_20170228,1110.03,0.0,out_sy,
out_sy_flx_20170331,673.49,0.0,out_sy,
out_sy_flx_20170430,108.571,0.0,out_sy,
out_sy_flx_20170531,3.1853,0.0,out_sy,
out_sy_flx_20170630,1.6461,0.0,out_sy,
out_sy_flx_20170731,0.0,0.0,out_sy,
out_sy_flx_20170831,0.0,0.0,out_sy,
out_sy_flx_20170930,0.0,0.0,out_sy,
out_sy_flx_20171031,188.443,0.0,out_sy,
out_sy_flx_20171130,1034.22,0.0,out_sy,
out_sy_flx_20171231,748.068,0.0,out_sy,
out_wel_flx_20151231,1299.54,0.0,out_wel,
out_wel_flx_20160131,475.22,0.0,out_wel,
out_wel_flx_20160229,530.583,0.0,out_wel,
out_wel_flx_20160331,821.321,0.0,out_wel,
out_wel_flx_20160430,1150.83,0.0,out_wel,
out_wel_flx_20160531,1516.1,0.0,out_wel,
out_wel_flx_20160630,2084.13,0.0,out_wel,
out_wel_flx_20160731,2030.57,0.0,out_wel,
out_wel_flx_20160831,2043.18,0.0,out_wel,
out_wel_flx_20160930,1786.24,0.0,out_wel,
out_wel_flx_20161031,1451.16,0.0,out_wel,
out_wel_flx_20161130,975.839,0.0,out_wel,
out_wel_flx_20161231,680.912,0.0,out_wel,
out_wel_flx_20170131,409.76,0.0,out_wel,
out_wel_flx_20170228,411.183,0.0,out_wel,
out_wel_flx_20170331,541.159,0.0,out_wel,
out_wel_flx_20170430,902.959,0.0,out_wel,
out_wel_flx_20170531,943.796,0.0,out_wel,
out_wel_flx_20170630,975.659,0.0,out_wel,
out_wel_flx_20170731,1084.79,0.0,out_wel,
out_wel_flx_20170831,1374.98,0.0,out_wel,
out_wel_flx_20170930,1462.81,0.0,out_wel,
out_wel_flx_20171031,1142.31,0.0,out_wel,
out_wel_flx_20171130,801.16,0.0,out_wel,
out_wel_flx_20171231,607.989,0.0,out_wel,
tailwater_20151231,-423.62,0.0,tailwater,
tailwater_20160131,-678.18,0.0,tailwater,
tailwater_20160229,-832.18,0.0,tailwater,
tailwater_20160331,-857.04,0.0,tailwater,
tailwater_20160430,-790.03,0.0,tailwater,
tailwater_20160531,-667.3,0.0,tailwater,
tailwater_20160630,-474.46,0.0,tailwater,
tailwater_20160731,-300.18,0.0,tailwater,
tailwater_20160831,-116.46,0.0,tailwater,
tailwater_20160930,-27.035,0.0,tailwater,
tailwater_20161031,-32.614,0.0,tailwater,
tailwater_20161130,-115.89,0.0,tailwater,
tailwater_20161231,-335.05,0.0,tailwater,
tailwater_20170131,-461.62,0.0,tailwater,
tailwater_20170228,-556.67,0.0,tailwater,
tailwater_20170331,-604.84,0.0,tailwater,
tailwater_20170430,-570.07,0.0,tailwater,
tailwater_20170531,-475.52,0.0,tailwater,
tailwater_20170630,-388.55,0.0,tailwater,
tailwater_20170731,-283.86,0.0,tailwater,
tailwater_20170831,-213.12,0.0,tailwater,
tailwater_20170930,-151.52,0.0,tailwater,
tailwater_20171031,-183.34,0.0,tailwater,
tailwater_20171130,-306.47,0.0,tailwater,
tailwater_20171231,-381.9,0.0,tailwater,
trgw_0_13_10_20151231,34.126,0.0,trgw_0_13_10,
trgw_0_13_10_20160131,34.306,0.0,trgw_0_13_10,
trgw_0_13_10_20160229,34.424,0.0,trgw_0_13_10,
trgw_0_13_10_20160331,34.45,0.0,trgw_0_13_10,
trgw_0_13_10_20160430,34.399,0.0,trgw_0_13_10,
trgw_0_13_10_20160531,34.3,0.0,trgw_0_13_10,
trgw_0_13_10_20160630,34.15,0.0,trgw_0_13_10,
trgw_0_13_10_20160731,34.038,0.0,trgw_0_13_10,
trgw_0_13_10_20160831,33.98,0.0,trgw_0_13_10,
trgw_0_13_10_20160930,33.946,0.0,trgw_0_13_10,
trgw_0_13_10_20161031,33.96,0.0,trgw_0_13_10,
trgw_0_13_10_20161130,33.999,0.0,trgw_0_13_10,
trgw_0_13_10_20161231,34.124,0.0,trgw_0_13_10,
trgw_0_13_10_20170131,34.203,0.0,trgw_0_13_10,
trgw_0_13_10_20170228,34.264,0.0,trgw_0_13_10,
trgw_0_13_10_20170331,34.299,0.0,trgw_0_13_10,
trgw_0_13_10_20170430,34.276,0.0,trgw_0_13_10,
trgw_0_13_10_20170531,34.225,0.0,trgw_0_13_10,
trgw_0_13_10_20170630,34.173,0.0,trgw_0_13_10,
trgw_0_13_10_20170731,34.104,0.0,trgw_0_13_10,
trgw_0_13_10_20170831,34.025,0.0,trgw_0_13_10,
trgw_0_13_10_20170930,33.979,0.0,trgw_0_13_10,
trgw_0_13_10_20171031,33.981,0.0,trgw_0_13_10,
trgw_0_13_10_20171130,34.05,0.0,trgw_0_13_10,
trgw_0_13_10_20171231,34.108,0.0,trgw_0_13_10,
trgw_0_15_16_20151231,34.083,0.0,trgw_0_15_16,
trgw_0_15_16_20160131,34.275,0.0,trgw_0_15_16,
trgw_0_15_16_20160229,34.375,0.0,trgw_0_15_16,
trgw_0_15_16_20160331,34.382,0.0,trgw_0_15_16,
trgw_0_15_16_20160430,34.324,0.0,trgw_0_15_16,
trgw_0_15_16_20160531,34.225,0.0,trgw_0_15_16,
trgw_0_15_16_20160630,34.073,0.0,trgw_0_15_16,
trgw_0_15_16_20160731,33.979,0.0,trgw_0_15_16,
trgw_0_15_16_20160831,33.928,0.0,trgw_0_15_16,
trgw_0_15_16_20160930,33.899,0.0,trgw_0_15_16,
trgw_0_15_16_20161031,33.917,0.0,trgw_0_15_16,
trgw_0_15_16_20161130,33.96,0.0,trgw_0_15_16,
trgw_0_15_16_20161231,34.09,0.0,trgw_0_15_16,
trgw_0_15_16_20170131,34.16,0.0,trgw_0_15_16,
trgw_0_15_16_20170228,34.215,0.0,trgw_0_15_16,
trgw_0_15_16_20170331,34.241,0.0,trgw_0_15_16,
trgw_0_15_16_20170430,34.215,0.0,trgw_0_15_16,
trgw_0_15_16_20170531,34.164,0.0,trgw_0_15_16,
trgw_0_15_16_20170630,34.111,0.0,trgw_0_15_16,
trgw_0_15_16_20170731,34.041,0.0,trgw_0_15_16,
trgw_0_15_16_20170831,33.975,0.0,trgw_0_15_16,
trgw_0_15_16_20170930,33.942,0.0,trgw_0_15_16,
trgw_0_15_16_20171031,33.951,0.0,trgw_0_15_16,
trgw_0_15_16_20171130,34.024,0.0,trgw_0_15_16,
trgw_0_15_16_20171231,34.073,0.0,trgw_0_15_16,
trgw_0_21_10_20151231,34.06,0.0,trgw_0_21_10,
trgw_0_21_10_20160131,34.318,0.0,trgw_0_21_10,
trgw_0_21_10_20160229,34.432,0.0,trgw_0_21_10,
trgw_0_21_10_20160331,34.427,0.0,trgw_0_21_10,
trgw_0_21_10_20160430,34.344,0.0,trgw_0_21_10,
trgw_0_21_10_20160531,34.223,0.0,trgw_0_21_10,
trgw_0_21_10_20160630,34.015,0.0,trgw_0_21_10,
trgw_0_21_10_20160731,33.917,0.0,trgw_0_21_10,
trgw_0_21_10_20160831,33.818,0.0,trgw_0_21_10,
trgw_0_21_10_20160930,33.765,0.0,trgw_0_21_10,
trgw_0_21_10_20161031,33.79,0.0,trgw_0_21_10,
trgw_0_21_10_20161130,33.865,0.0,trgw_0_21_10,
trgw_0_21_10_20161231,34.05,0.0,trgw_0_21_10,
trgw_0_21_10_20170131,34.149,0.0,trgw_0_21_10,
trgw_0_21_10_20170228,34.215,0.0,trgw_0_21_10,
trgw_0_21_10_20170331,34.238,0.0,trgw_0_21_10,
trgw_0_21_10_20170430,34.195,0.0,trgw_0_21_10,
trgw_0_21_10_20170531,34.127,0.0,trgw_0_21_10,
trgw_0_21_10_20170630,34.044,0.0,trgw_0_21_10,
trgw_0_21_10_20170731,33.953,0.0,trgw_0_21_10,
trgw_0_21_10_20170831,33.89,0.0,trgw_0_21_10,
trgw_0_21_10_20170930,33.856,0.0,trgw_0_21_10,
trgw_0_21_10_20171031,33.899,0.0,trgw_0_21_10,
trgw_0_21_10_20171130,34.002,0.0,trgw_0_21_10,
trgw_0_21_10_20171231,34.058,0.0,trgw_0_21_10,
trgw_0_22_15_20151231,33.935,0.0,trgw_0_22_15,
trgw_0_22_15_20160131,34.085,0.0,trgw_0_22_15,
trgw_0_22_15_20160229,34.155,0.0,trgw_0_22_15,
trgw_0_22_15_20160331,34.154,0.0,trgw_0_22_15,
trgw_0_22_15_20160430,34.106,0.0,trgw_0_22_15,
trgw_0_22_15_20160531,34.034,0.0,trgw_0_22_15,
trgw_0_22_15_20160630,33.905,0.0,trgw_0_22_15,
trgw_0_22_15_20160731,33.851,0.0,trgw_0_22_15,
trgw_0_22_15_20160831,33.798,0.0,trgw_0_22_15,
trgw_0_22_15_20160930,33.767,0.0,trgw_0_22_15,
trgw_0_22_15_20161031,33.776,0.0,trgw_0_22_15,
trgw_0_22_15_20161130,33.816,0.0,trgw_0_22_15,
trgw_0_22_15_20161231,33.924,0.0,trgw_0_22_15,
trgw_0_22_15_20170131,33.983,0.0,trgw_0_22_15,
trgw_0_22_15_20170228,34.022,0.0,trgw_0_22_15,
trgw_0_22_15_20170331,34.036,0.0,trgw_0_22_15,
trgw_0_22_15_20170430,34.011,0.0,trgw_0_22_15,
trgw_0_22_15_20170531,33.973,0.0,trgw_0_22_15,
trgw_0_22_15_20170630,33.924,0.0,trgw_0_22_15,
trgw_0_22_15_20170731,33.87,0.0,trgw_0_22_15,
trgw_0_22_15_20170831,33.834,0.0,trgw_0_22_15,
trgw_0_22_15_20170930,33.816,0.0,trgw_0_22_15,
trgw_0_22_15_20171031,33.839,0.0,trgw_0_22_15,
trgw_0_22_15_20171130,33.898,0.0,trgw_0_22_15,
trgw_0_22_15_20171231,33.931,0.0,trgw_0_22_15,
trgw_0_24_4_20151231,34.18,0.0,trgw_0_24_4,
trgw_0_24_4_20160131,34.534,0.0,trgw_0_24_4,
trgw_0_24_4_20160229,34.702,0.0,trgw_0_24_4,
trgw_0_24_4_20160331,34.697,0.0,trgw_0_24_4,
trgw_0_24_4_20160430,34.596,0.0,trgw_0_24_4,
trgw_0_24_4_20160531,34.442,0.0,trgw_0_24_4,
trgw_0_24_4_20160630,34.228,0.0,trgw_0_24_4,
trgw_0_24_4_20160731,34.019,0.0,trgw_0_24_4,
trgw_0_24_4_20160831,33.809,0.0,trgw_0_24_4,
trgw_0_24_4_20160930,33.722,0.0,trgw_0_24_4,
trgw_0_24_4_20161031,33.751,0.0,trgw_0_24_4,
trgw_0_24_4_20161130,33.871,0.0,trgw_0_24_4,
trgw_0_24_4_20161231,34.151,0.0,trgw_0_24_4,
trgw_0_24_4_20170131,34.289,0.0,trgw_0_24_4,
trgw_0_24_4_20170228,34.386,0.0,trgw_0_24_4,
trgw_0_24_4_20170331,34.435,0.0,trgw_0_24_4,
trgw_0_24_4_20170430,34.386,0.0,trgw_0_24_4,
trgw_0_24_4_20170531,34.266,0.0,trgw_0_24_4,
trgw_0_24_4_20170630,34.14,0.0,trgw_0_24_4,
trgw_0_24_4_20170731,33.996,0.0,trgw_0_24_4,
trgw_0_24_4_20170831,33.918,0.0,trgw_0_24_4,
trgw_0_24_4_20170930,33.84,0.0,trgw_0_24_4,
trgw_0_24_4_20171031,33.923,0.0,trgw_0_24_4,
trgw_0_24_4_20171130,34.092,0.0,trgw_0_24_4,
trgw_0_24_4_20171231,34.174,0.0,trgw_0_24_4,
trgw_0_26_6_20151231,34.033,0.0,trgw_0_26_6,
trgw_0_26_6_20160131,34.359,0.0,trgw_0_26_6,
trgw_0_26_6_20160229,34.507,0.0,trgw_0_26_6,
trgw_0_26_6_20160331,34.5,0.0,trgw_0_26_6,
trgw_0_26_6_20160430,34.409,0.0,trgw_0_26_6,
trgw_0_26_6_20160531,34.271,0.0,trgw_0_26_6,
trgw_0_26_6_20160630,34.072,0.0,trgw_0_26_6,
trgw_0_26_6_20160731,33.88,0.0,trgw_0_26_6,
trgw_0_26_6_20160831,33.677,0.0,trgw_0_26_6,
trgw_0_26_6_20160930,33.6,0.0,trgw_0_26_6,
trgw_0_26_6_20161031,33.634,0.0,trgw_0_26_6,
trgw_0_26_6_20161130,33.761,0.0,trgw_0_26_6,
trgw_0_26_6_20161231,34.016,0.0,trgw_0_26_6,
trgw_0_26_6_20170131,34.155,0.0,trgw_0_26_6,
trgw_0_26_6_20170228,34.245,0.0,trgw_0_26_6,
trgw_0_26_6_20170331,34.29,0.0,trgw_0_26_6,
trgw_0_26_6_20170430,34.239,0.0,trgw_0_26_6,
trgw_0_26_6_20170531,34.134,0.0,trgw_0_26_6,
trgw_0_26_6_20170630,34.017,0.0,trgw_0_26_6,
trgw_0_26_6_20170731,33.888,0.0,trgw_0_26_6,
trgw_0_26_6_20170831,33.814,0.0,trgw_0_26_6,
trgw_0_26_6_20170930,33.733,0.0,trgw_0_26_6,
trgw_0_26_6_20171031,33.824,0.0,trgw_0_26_6,
trgw_0_26_6_20171130,33.977,0.0,trgw_0_26_6,
trgw_0_26_6_20171231,34.056,0.0,trgw_0_26_6,
trgw_0_29_15_20151231,33.882,0.0,trgw_0_29_15,
trgw_0_29_15_20160131,34.034,0.0,trgw_0_29_15,
trgw_0_29_15_20160229,34.122,0.0,trgw_0_29_15,
trgw_0_29_15_20160331,34.135,0.0,trgw_0_29_15,
trgw_0_29_15_20160430,34.094,0.0,trgw_0_29_15,
trgw_0_29_15_20160531,34.022,0.0,trgw_0_29_15,
trgw_0_29_15_20160630,33.912,0.0,trgw_0_29_15,
trgw_0_29_15_20160731,33.803,0.0,trgw_0_29_15,
trgw_0_29_15_20160831,33.691,0.0,trgw_0_29_15,
trgw_0_29_15_20160930,33.638,0.0,trgw_0_29_15,
trgw_0_29_15_20161031,33.649,0.0,trgw_0_29_15,
trgw_0_29_15_20161130,33.708,0.0,trgw_0_29_15,
trgw_0_29_15_20161231,33.839,0.0,trgw_0_29_15,
trgw_0_29_15_20170131,33.913,0.0,trgw_0_29_15,
trgw_0_29_15_20170228,33.968,0.0,trgw_0_29_15,
trgw_0_29_15_20170331,33.995,0.0,trgw_0_29_15,
trgw_0_29_15_20170430,33.973,0.0,trgw_0_29_15,
trgw_0_29_15_20170531,33.916,0.0,trgw_0_29_15,
trgw_0_29_15_20170630,33.863,0.0,trgw_0_29_15,
trgw_0_29_15_20170731,33.8,0.0,trgw_0_29_15,
trgw_0_29_15_20170831,33.755,0.0,trgw_0_29_15,
trgw_0_29_15_20170930,33.717,0.0,trgw_0_29_15,
trgw_0_29_15_20171031,33.738,0.0,trgw_0_29_15,
trgw_0_29_15_20171130,33.816,0.0,trgw_0_29_15,
trgw_0_29_15_20171231,33.862,0.0,trgw_0_29_15,
trgw_0_2_15_20151231,34.197,0.0,trgw_0_2_15,
trgw_0_2_15_20160131,34.255,0.0,trgw_0_2_15,
trgw_0_2_15_20160229,34.301,0.0,trgw_0_2_15,
trgw_0_2_15_20160331,34.324,0.0,trgw_0_2_15,
trgw_0_2_15_20160430,34.325,0.0,trgw_0_2_15,
trgw_0_2_15_20160531,34.306,0.0,trgw_0_2_15,
trgw_0_2_15_20160630,34.267,0.0,trgw_0_2_15,
trgw_0_2_15_20160731,34.219,0.0,trgw_0_2_15,
trgw_0_2_15_20160831,34.175,0.0,trgw_0_2_15,
trgw_0_2_15_20160930,34.144,0.0,trgw_0_2_15,
trgw_0_2_15_20161031,34.132,0.0,trgw_0_2_15,
trgw_0_2_15_20161130,34.131,0.0,trgw_0_2_15,
trgw_0_2_15_20161231,34.167,0.0,trgw_0_2_15,
trgw_0_2_15_20170131,34.189,0.0,trgw_0_2_15,
trgw_0_2_15_20170228,34.212,0.0,trgw_0_2_15,
trgw_0_2_15_20170331,34.233,0.0,trgw_0_2_15,
trgw_0_2_15_20170430,34.24,0.0,trgw_0_2_15,
trgw_0_2_15_20170531,34.228,0.0,trgw_0_2_15,
trgw_0_2_15_20170630,34.211,0.0,trgw_0_2_15,
trgw_0_2_15_20170731,34.183,0.0,trgw_0_2_15,
trgw_0_2_15_20170831,34.158,0.0,trgw_0_2_15,
trgw_0_2_15_20170930,34.137,0.0,trgw_0_2_15,
trgw_0_2_15_20171031,34.128,0.0,trgw_0_2_15,
trgw_0_2_15_20171130,34.142,0.0,trgw_0_2_15,
trgw_0_2_15_20171231,34.152,0.0,trgw_0_2_15,
trgw_0_2_9_20151231,34.611,0.0,trgw_0_2_9,
trgw_0_2_9_20160131,34.806,0.0,trgw_0_2_9,
trgw_0_2_9_20160229,34.934,0.0,trgw_0_2_9,
trgw_0_2_9_20160331,34.975,0.0,trgw_0_2_9,
trgw_0_2_9_20160430,34.943,0.0,trgw_0_2_9,
trgw_0_2_9_20160531,34.863,0.0,trgw_0_2_9,
trgw_0_2_9_20160630,34.737,0.0,trgw_0_2_9,
trgw_0_2_9_20160731,34.601,0.0,trgw_0_2_9,
trgw_0_2_9_20160831,34.488,0.0,trgw_0_2_9,
trgw_0_2_9_20160930,34.419,0.0,trgw_0_2_9,
trgw_0_2_9_20161031,34.403,0.0,trgw_0_2_9,
trgw_0_2_9_20161130,34.419,0.0,trgw_0_2_9,
trgw_0_2_9_20161231,34.55,0.0,trgw_0_2_9,
trgw_0_2_9_20170131,34.609,0.0,trgw_0_2_9,
trgw_0_2_9_20170228,34.669,0.0,trgw_0_2_9,
trgw_0_2_9_20170331,34.713,0.0,trgw_0_2_9,
trgw_0_2_9_20170430,34.711,0.0,trgw_0_2_9,
trgw_0_2_9_20170531,34.652,0.0,trgw_0_2_9,
trgw_0_2_9_20170630,34.589,0.0,trgw_0_2_9,
trgw_0_2_9_20170731,34.5,0.0,trgw_0_2_9,
trgw_0_2_9_20170831,34.435,0.0,trgw_0_2_9,
trgw_0_2_9_20170930,34.386,0.0,trgw_0_2_9,
trgw_0_2_9_20171031,34.381,0.0,trgw_0_2_9,
trgw_0_2_9_20171130,34.449,0.0,trgw_0_2_9,
trgw_0_2_9_20171231,34.486,0.0,trgw_0_2_9,
trgw_0_33_7_20151231,33.995,0.0,trgw_0_33_7,
trgw_0_33_7_20160131,34.275,0.0,trgw_0_33_7,
trgw_0_33_7_20160229,34.424,0.0,trgw_0_33_7,
trgw_0_33_7_20160331,34.433,0.0,trgw_0_33_7,
trgw_0_33_7_20160430,34.36,0.0,trgw_0_33_7,
trgw_0_33_7_20160531,34.235,0.0,trgw_0_33_7,
trgw_0_33_7_20160630,34.06,0.0,trgw_0_33_7,
trgw_0_33_7_20160731,33.873,0.0,trgw_0_33_7,
trgw_0_33_7_20160831,33.681,0.0,trgw_0_33_7,
trgw_0_33_7_20160930,33.602,0.0,trgw_0_33_7,
trgw_0_33_7_20161031,33.617,0.0,trgw_0_33_7,
trgw_0_33_7_20161130,33.724,0.0,trgw_0_33_7,
trgw_0_33_7_20161231,33.954,0.0,trgw_0_33_7,
trgw_0_33_7_20170131,34.086,0.0,trgw_0_33_7,
trgw_0_33_7_20170228,34.176,0.0,trgw_0_33_7,
trgw_0_33_7_20170331,34.223,0.0,trgw_0_33_7,
trgw_0_33_7_20170430,34.184,0.0,trgw_0_33_7,
trgw_0_33_7_20170531,34.087,0.0,trgw_0_33_7,
trgw_0_33_7_20170630,33.983,0.0,trgw_0_33_7,
trgw_0_33_7_20170731,33.865,0.0,trgw_0_33_7,
trgw_0_33_7_20170831,33.797,0.0,trgw_0_33_7,
trgw_0_33_7_20170930,33.72,0.0,trgw_0_33_7,
trgw_0_33_7_20171031,33.788,0.0,trgw_0_33_7,
trgw_0_33_7_20171130,33.928,0.0,trgw_0_33_7,
trgw_0_33_7_20171231,34.006,0.0,trgw_0_33_7,
trgw_0_34_10_20151231,33.885,0.0,trgw_0_34_10,
trgw_0_34_10_20160131,34.096,0.0,trgw_0_34_10,
trgw_0_34_10_20160229,34.229,0.0,trgw_0_34_10,
trgw_0_34_10_20160331,34.249,0.0,trgw_0_34_10,
trgw_0_34_10_20160430,34.198,0.0,trgw_0_34_10,
trgw_0_34_10_20160531,34.094,0.0,trgw_0_34_10,
trgw_0_34_10_20160630,33.949,0.0,trgw_0_34_10,
trgw_0_34_10_20160731,33.773,0.0,trgw_0_34_10,
trgw_0_34_10_20160831,33.584,0.0,trgw_0_34_10,
trgw_0_34_10_20160930,33.525,0.0,trgw_0_34_10,
trgw_0_34_10_20161031,33.54,0.0,trgw_0_34_10,
trgw_0_34_10_20161130,33.644,0.0,trgw_0_34_10,
trgw_0_34_10_20161231,33.833,0.0,trgw_0_34_10,
trgw_0_34_10_20170131,33.944,0.0,trgw_0_34_10,
trgw_0_34_10_20170228,34.021,0.0,trgw_0_34_10,
trgw_0_34_10_20170331,34.055,0.0,trgw_0_34_10,
trgw_0_34_10_20170430,34.012,0.0,trgw_0_34_10,
trgw_0_34_10_20170531,33.924,0.0,trgw_0_34_10,
trgw_0_34_10_20170630,33.863,0.0,trgw_0_34_10,
trgw_0_34_10_20170731,33.778,0.0,trgw_0_34_10,
trgw_0_34_10_20170831,33.721,0.0,trgw_0_34_10,
trgw_0_34_10_20170930,33.65,0.0,trgw_0_34_10,
trgw_0_34_10_20171031,33.688,0.0,trgw_0_34_10,
trgw_0_34_10_20171130,33.813,0.0,trgw_0_34_10,
trgw_0_34_10_20171231,33.884,0.0,trgw_0_34_10,
trgw_0_3_8_20151231,34.646,0.0,trgw_0_3_8,
trgw_0_3_8_20160131,34.859,0.0,trgw_0_3_8,
trgw_0_3_8_20160229,34.993,0.0,trgw_0_3_8,
trgw_0_3_8_20160331,35.031,0.0,trgw_0_3_8,
trgw_0_3_8_20160430,34.994,0.0,trgw_0_3_8,
trgw_0_3_8_20160531,34.907,0.0,trgw_0_3_8,
trgw_0_3_8_20160630,34.771,0.0,trgw_0_3_8,
trgw_0_3_8_20160731,34.626,0.0,trgw_0_3_8,
trgw_0_3_8_20160831,34.51,0.0,trgw_0_3_8,
trgw_0_3_8_20160930,34.438,0.0,trgw_0_3_8,
trgw_0_3_8_20161031,34.425,0.0,trgw_0_3_8,
trgw_0_3_8_20161130,34.443,0.0,trgw_0_3_8,
trgw_0_3_8_20161231,34.587,0.0,trgw_0_3_8,
trgw_0_3_8_20170131,34.646,0.0,trgw_0_3_8,
trgw_0_3_8_20170228,34.709,0.0,trgw_0_3_8,
trgw_0_3_8_20170331,34.755,0.0,trgw_0_3_8,
trgw_0_3_8_20170430,34.75,0.0,trgw_0_3_8,
trgw_0_3_8_20170531,34.685,0.0,trgw_0_3_8,
trgw_0_3_8_20170630,34.617,0.0,trgw_0_3_8,
trgw_0_3_8_20170731,34.522,0.0,trgw_0_3_8,
trgw_0_3_8_20170831,34.454,0.0,trgw_0_3_8,
trgw_0_3_8_20170930,34.404,0.0,trgw_0_3_8,
trgw_0_3_8_20171031,34.401,0.0,trgw_0_3_8,
trgw_0_3_8_20171130,34.477,0.0,trgw_0_3_8,
trgw_0_3_8_20171231,34.515,0.0,trgw_0_3_8,
trgw_0_9_1_20151231,35.219,0.0,trgw_0_9_1,
trgw_0_9_1_20160131,35.489,0.0,trgw_0_9_1,
trgw_0_9_1_20160229,35.705,0.0,trgw_0_9_1,
trgw_0_9_1_20160331,35.8,0.0,trgw_0_9_1,
trgw_0_9_1_20160430,35.776,0.0,trgw_0_9_1,
trgw_0_9_1_20160531,35.668,0.0,trgw_0_9_1,
trgw_0_9_1_20160630,35.487,0.0,trgw_0_9_1,
trgw_0_9_1_20160731,35.267,0.0,trgw_0_9_1,
trgw_0_9_1_20160831,35.053,0.0,trgw_0_9_1,
trgw_0_9_1_20160930,34.9,0.0,trgw_0_9_1,
trgw_0_9_1_20161031,34.832,0.0,trgw_0_9_1,
trgw_0_9_1_20161130,34.834,0.0,trgw_0_9_1,
trgw_0_9_1_20161231,35.021,0.0,trgw_0_9_1,
trgw_0_9_1_20170131,35.134,0.0,trgw_0_9_1,
trgw_0_9_1_20170228,35.237,0.0,trgw_0_9_1,
trgw_0_9_1_20170331,35.319,0.0,trgw_0_9_1,
trgw_0_9_1_20170430,35.329,0.0,trgw_0_9_1,
trgw_0_9_1_20170531,35.245,0.0,trgw_0_9_1,
trgw_0_9_1_20170630,35.133,0.0,trgw_0_9_1,
trgw_0_9_1_20170731,34.979,0.0,trgw_0_9_1,
trgw_0_9_1_20170831,34.869,0.0,trgw_0_9_1,
trgw_0_9_1_20170930,34.785,0.0,trgw_0_9_1,
trgw_0_9_1_20171031,34.775,0.0,trgw_0_9_1,
trgw_0_9_1_20171130,34.877,0.0,trgw_0_9_1,
trgw_0_9_1_20171231,34.948,0.0,trgw_0_9_1,
trgw_2_13_10_20151231,34.12,0.0,trgw_2_13_10,
trgw_2_13_10_20160131,34.307,0.0,trgw_2_13_10,
trgw_2_13_10_20160229,34.422,0.0,trgw_2_13_10,
trgw_2_13_10_20160331,34.443,0.0,trgw_2_13_10,
trgw_2_13_10_20160430,34.389,0.0,trgw_2_13_10,
trgw_2_13_10_20160531,34.288,0.0,trgw_2_13_10,
trgw_2_13_10_20160630,34.136,0.0,trgw_2_13_10,
trgw_2_13_10_20160731,34.028,0.0,trgw_2_13_10,
trgw_2_13_10_20160831,33.974,0.0,trgw_2_13_10,
trgw_2_13_10_20160930,33.941,0.0,trgw_2_13_10,
trgw_2_13_10_20161031,33.958,0.0,trgw_2_13_10,
trgw_2_13_10_20161130,33.997,0.0,trgw_2_13_10,
trgw_2_13_10_20161231,34.124,0.0,trgw_2_13_10,
trgw_2_13_10_20170131,34.202,0.0,trgw_2_13_10,
trgw_2_13_10_20170228,34.261,0.0,trgw_2_13_10,
trgw_2_13_10_20170331,34.295,0.0,trgw_2_13_10,
trgw_2_13_10_20170430,34.269,0.0,trgw_2_13_10,
trgw_2_13_10_20170531,34.218,0.0,trgw_2_13_10,
trgw_2_13_10_20170630,34.167,0.0,trgw_2_13_10,
trgw_2_13_10_20170731,34.097,0.0,trgw_2_13_10,
trgw_2_13_10_20170831,34.017,0.0,trgw_2_13_10,
trgw_2_13_10_20170930,33.973,0.0,trgw_2_13_10,
trgw_2_13_10_20171031,33.978,0.0,trgw_2_13_10,
trgw_2_13_10_20171130,34.049,0.0,trgw_2_13_10,
trgw_2_13_10_20171231,34.106,0.0,trgw_2_13_10,
trgw_2_15_16_20151231,34.074,0.0,trgw_2_15_16,
trgw_2_15_16_20160131,34.26,0.0,trgw_2_15_16,
trgw_2_15_16_20160229,34.359,0.0,trgw_2_15_16,
trgw_2_15_16_20160331,34.368,0.0,trgw_2_15_16,
trgw_2_15_16_20160430,34.311,0.0,trgw_2_15_16,
trgw_2_15_16_20160531,34.214,0.0,trgw_2_15_16,
trgw_2_15_16_20160630,34.064,0.0,trgw_2_15_16,
trgw_2_15_16_20160731,33.973,0.0,trgw_2_15_16,
trgw_2_15_16_20160831,33.923,0.0,trgw_2_15_16,
trgw_2_15_16_20160930,33.894,0.0,trgw_2_15_16,
trgw_2_15_16_20161031,33.912,0.0,trgw_2_15_16,
trgw_2_15_16_20161130,33.953,0.0,trgw_2_15_16,
trgw_2_15_16_20161231,34.079,0.0,trgw_2_15_16,
trgw_2_15_16_20170131,34.15,0.0,trgw_2_15_16,
trgw_2_15_16_20170228,34.204,0.0,trgw_2_15_16,
trgw_2_15_16_20170331,34.231,0.0,trgw_2_15_16,
trgw_2_15_16_20170430,34.205,0.0,trgw_2_15_16,
trgw_2_15_16_20170531,34.157,0.0,trgw_2_15_16,
trgw_2_15_16_20170630,34.105,0.0,trgw_2_15_16,
trgw_2_15_16_20170731,34.036,0.0,trgw_2_15_16,
trgw_2_15_16_20170831,33.969,0.0,trgw_2_15_16,
trgw_2_15_16_20170930,33.937,0.0,trgw_2_15_16,
trgw_2_15_16_20171031,33.945,0.0,trgw_2_15_16,
trgw_2_15_16_20171130,34.015,0.0,trgw_2_15_16,
trgw_2_15_16_20171231,34.065,0.0,trgw_2_15_16,
trgw_2_21_10_20151231,34.058,0.0,trgw_2_21_10,
trgw_2_21_10_20160131,34.314,0.0,trgw_2_21_10,
trgw_2_21_10_20160229,34.427,0.0,trgw_2_21_10,
trgw_2_21_10_20160331,34.423,0.0,trgw_2_21_10,
trgw_2_21_10_20160430,34.341,0.0,trgw_2_21_10,
trgw_2_21_10_20160531,34.221,0.0,trgw_2_21_10,
trgw_2_21_10_20160630,34.013,0.0,trgw_2_21_10,
trgw_2_21_10_20160731,33.916,0.0,trgw_2_21_10,
trgw_2_21_10_20160831,33.817,0.0,trgw_2_21_10,
trgw_2_21_10_20160930,33.764,0.0,trgw_2_21_10,
trgw_2_21_10_20161031,33.789,0.0,trgw_2_21_10,
trgw_2_21_10_20161130,33.863,0.0,trgw_2_21_10,
trgw_2_21_10_20161231,34.047,0.0,trgw_2_21_10,
trgw_2_21_10_20170131,34.146,0.0,trgw_2_21_10,
trgw_2_21_10_20170228,34.212,0.0,trgw_2_21_10,
trgw_2_21_10_20170331,34.235,0.0,trgw_2_21_10,
trgw_2_21_10_20170430,34.192,0.0,trgw_2_21_10,
trgw_2_21_10_20170531,34.125,0.0,trgw_2_21_10,
trgw_2_21_10_20170630,34.043,0.0,trgw_2_21_10,
trgw_2_21_10_20170731,33.952,0.0,trgw_2_21_10,
trgw_2_21_10_20170831,33.889,0.0,trgw_2_21_10,
trgw_2_21_10_20170930,33.854,0.0,trgw_2_21_10,
trgw_2_21_10_20171031,33.897,0.0,trgw_2_21_10,
trgw_2_21_10_20171130,34.0,0.0,trgw_2_21_10,
trgw_2_21_10_20171231,34.055,0.0,trgw_2_21_10,
trgw_2_22_15_20151231,34.013,0.0,trgw_2_22_15,
trgw_2_22_15_20160131,34.227,0.0,trgw_2_22_15,
trgw_2_22_15_20160229,34.328,0.0,trgw_2_22_15,
trgw_2_22_15_20160331,34.329,0.0,trgw_2_22_15,
trgw_2_22_15_20160430,34.261,0.0,trgw_2_22_15,
trgw_2_22_15_20160531,34.157,0.0,trgw_2_22_15,
trgw_2_22_15_20160630,33.967,0.0,trgw_2_22_15,
trgw_2_22_15_20160731,33.895,0.0,trgw_2_22_15,
trgw_2_22_15_20160831,33.817,0.0,trgw_2_22_15,
trgw_2_22_15_20160930,33.77,0.0,trgw_2_22_15,
trgw_2_22_15_20161031,33.781,0.0,trgw_2_22_15,
trgw_2_22_15_20161130,33.84,0.0,trgw_2_22_15,
trgw_2_22_15_20161231,33.992,0.0,trgw_2_22_15,
trgw_2_22_15_20170131,34.082,0.0,trgw_2_22_15,
trgw_2_22_15_20170228,34.139,0.0,trgw_2_22_15,
trgw_2_22_15_20170331,34.159,0.0,trgw_2_22_15,
trgw_2_22_15_20170430,34.123,0.0,trgw_2_22_15,
trgw_2_22_15_20170531,34.072,0.0,trgw_2_22_15,
trgw_2_22_15_20170630,34.0,0.0,trgw_2_22_15,
trgw_2_22_15_20170731,33.923,0.0,trgw_2_22_15,
trgw_2_22_15_20170831,33.87,0.0,trgw_2_22_15,
trgw_2_22_15_20170930,33.844,0.0,trgw_2_22_15,
trgw_2_22_15_20171031,33.876,0.0,trgw_2_22_15,
trgw_2_22_15_20171130,33.959,0.0,trgw_2_22_15,
trgw_2_22_15_20171231,34.008,0.0,trgw_2_22_15,
trgw_2_24_4_20151231,34.176,0.0,trgw_2_24_4,
trgw_2_24_4_20160131,34.529,0.0,trgw_2_24_4,
trgw_2_24_4_20160229,34.696,0.0,trgw_2_24_4,
trgw_2_24_4_20160331,34.691,0.0,trgw_2_24_4,
trgw_2_24_4_20160430,34.59,0.0,trgw_2_24_4,
trgw_2_24_4_20160531,34.437,0.0,trgw_2_24_4,
trgw_2_24_4_20160630,34.224,0.0,trgw_2_24_4,
trgw_2_24_4_20160731,34.015,0.0,trgw_2_24_4,
trgw_2_24_4_20160831,33.806,0.0,trgw_2_24_4,
trgw_2_24_4_20160930,33.719,0.0,trgw_2_24_4,
trgw_2_24_4_20161031,33.749,0.0,trgw_2_24_4,
trgw_2_24_4_20161130,33.869,0.0,trgw_2_24_4,
trgw_2_24_4_20161231,34.147,0.0,trgw_2_24_4,
trgw_2_24_4_20170131,34.285,0.0,trgw_2_24_4,
trgw_2_24_4_20170228,34.382,0.0,trgw_2_24_4,
trgw_2_24_4_20170331,34.431,0.0,trgw_2_24_4,
trgw_2_24_4_20170430,34.382,0.0,trgw_2_24_4,
trgw_2_24_4_20170531,34.262,0.0,trgw_2_24_4,
trgw_2_24_4_20170630,34.136,0.0,trgw_2_24_4,
trgw_2_24_4_20170731,33.993,0.0,trgw_2_24_4,
trgw_2_24_4_20170831,33.915,0.0,trgw_2_24_4,
trgw_2_24_4_20170930,33.837,0.0,trgw_2_24_4,
trgw_2_24_4_20171031,33.921,0.0,trgw_2_24_4,
trgw_2_24_4_20171130,34.089,0.0,trgw_2_24_4,
trgw_2_24_4_20171231,34.171,0.0,trgw_2_24_4,
trgw_2_26_6_20151231,34.028,0.0,trgw_2_26_6,
trgw_2_26_6_20160131,34.352,0.0,trgw_2_26_6,
trgw_2_26_6_20160229,34.499,0.0,trgw_2_26_6,
trgw_2_26_6_20160331,34.493,0.0,trgw_2_26_6,
trgw_2_26_6_20160430,34.404,0.0,trgw_2_26_6,
trgw_2_26_6_20160531,34.266,0.0,trgw_2_26_6,
trgw_2_26_6_20160630,34.069,0.0,trgw_2_26_6,
trgw_2_26_6_20160731,33.877,0.0,trgw_2_26_6,
trgw_2_26_6_20160831,33.674,0.0,trgw_2_26_6,
trgw_2_26_6_20160930,33.598,0.0,trgw_2_26_6,
trgw_2_26_6_20161031,33.631,0.0,trgw_2_26_6,
trgw_2_26_6_20161130,33.758,0.0,trgw_2_26_6,
trgw_2_26_6_20161231,34.011,0.0,trgw_2_26_6,
trgw_2_26_6_20170131,34.15,0.0,trgw_2_26_6,
trgw_2_26_6_20170228,34.24,0.0,trgw_2_26_6,
trgw_2_26_6_20170331,34.285,0.0,trgw_2_26_6,
trgw_2_26_6_20170430,34.235,0.0,trgw_2_26_6,
trgw_2_26_6_20170531,34.131,0.0,trgw_2_26_6,
trgw_2_26_6_20170630,34.014,0.0,trgw_2_26_6,
trgw_2_26_6_20170731,33.886,0.0,trgw_2_26_6,
trgw_2_26_6_20170831,33.811,0.0,trgw_2_26_6,
trgw_2_26_6_20170930,33.73,0.0,trgw_2_26_6,
trgw_2_26_6_20171031,33.821,0.0,trgw_2_26_6,
trgw_2_26_6_20171130,33.973,0.0,trgw_2_26_6,
trgw_2_26_6_20171231,34.052,0.0,trgw_2_26_6,
trgw_2_29_15_20151231,33.898,0.0,trgw_2_29_15,
trgw_2_29_15_20160131,34.063,0.0,trgw_2_29_15,
trgw_2_29_15_20160229,34.159,0.0,trgw_2_29_15,
trgw_2_29_15_20160331,34.173,0.0,trgw_2_29_15,
trgw_2_29_15_20160430,34.128,0.0,trgw_2_29_15,
trgw_2_29_15_20160531,34.05,0.0,trgw_2_29_15,
trgw_2_29_15_20160630,33.931,0.0,trgw_2_29_15,
trgw_2_29_15_20160731,33.813,0.0,trgw_2_29_15,
trgw_2_29_15_20160831,33.691,0.0,trgw_2_29_15,
trgw_2_29_15_20160930,33.634,0.0,trgw_2_29_15,
trgw_2_29_15_20161031,33.647,0.0,trgw_2_29_15,
trgw_2_29_15_20161130,33.711,0.0,trgw_2_29_15,
trgw_2_29_15_20161231,33.853,0.0,trgw_2_29_15,
trgw_2_29_15_20170131,33.933,0.0,trgw_2_29_15,
trgw_2_29_15_20170228,33.992,0.0,trgw_2_29_15,
trgw_2_29_15_20170331,34.021,0.0,trgw_2_29_15,
trgw_2_29_15_20170430,33.997,0.0,trgw_2_29_15,
trgw_2_29_15_20170531,33.936,0.0,trgw_2_29_15,
trgw_2_29_15_20170630,33.879,0.0,trgw_2_29_15,
trgw_2_29_15_20170731,33.81,0.0,trgw_2_29_15,
trgw_2_29_15_20170831,33.761,0.0,trgw_2_29_15,
trgw_2_29_15_20170930,33.72,0.0,trgw_2_29_15,
trgw_2_29_15_20171031,33.744,0.0,trgw_2_29_15,
trgw_2_29_15_20171130,33.828,0.0,trgw_2_29_15,
trgw_2_29_15_20171231,33.877,0.0,trgw_2_29_15,
trgw_2_2_15_20151231,34.247,0.0,trgw_2_2_15,
trgw_2_2_15_20160131,34.316,0.0,trgw_2_2_15,
trgw_2_2_15_20160229,34.373,0.0,trgw_2_2_15,
trgw_2_2_15_20160331,34.405,0.0,trgw_2_2_15,
trgw_2_2_15_20160430,34.408,0.0,trgw_2_2_15,
trgw_2_2_15_20160531,34.386,0.0,trgw_2_2_15,
trgw_2_2_15_20160630,34.338,0.0,trgw_2_2_15,
trgw_2_2_15_20160731,34.278,0.0,trgw_2_2_15,
trgw_2_2_15_20160831,34.223,0.0,trgw_2_2_15,
trgw_2_2_15_20160930,34.184,0.0,trgw_2_2_15,
trgw_2_2_15_20161031,34.166,0.0,trgw_2_2_15,
trgw_2_2_15_20161130,34.163,0.0,trgw_2_2_15,
trgw_2_2_15_20161231,34.206,0.0,trgw_2_2_15,
trgw_2_2_15_20170131,34.234,0.0,trgw_2_2_15,
trgw_2_2_15_20170228,34.264,0.0,trgw_2_2_15,
trgw_2_2_15_20170331,34.291,0.0,trgw_2_2_15,
trgw_2_2_15_20170430,34.302,0.0,trgw_2_2_15,
trgw_2_2_15_20170531,34.289,0.0,trgw_2_2_15,
trgw_2_2_15_20170630,34.268,0.0,trgw_2_2_15,
trgw_2_2_15_20170731,34.234,0.0,trgw_2_2_15,
trgw_2_2_15_20170831,34.202,0.0,trgw_2_2_15,
trgw_2_2_15_20170930,34.174,0.0,trgw_2_2_15,
trgw_2_2_15_20171031,34.161,0.0,trgw_2_2_15,
trgw_2_2_15_20171130,34.176,0.0,trgw_2_2_15,
trgw_2_2_15_20171231,34.188,0.0,trgw_2_2_15,
trgw_2_2_9_20151231,34.608,0.0,trgw_2_2_9,
trgw_2_2_9_20160131,34.801,15.0,trgw_2_2_9,
trgw_2_2_9_20160229,34.929,15.0,trgw_2_2_9,
trgw_2_2_9_20160331,34.97,15.0,trgw_2_2_9,
trgw_2_2_9_20160430,34.939,15.0,trgw_2_2_9,
trgw_2_2_9_20160531,34.859,15.0,trgw_2_2_9,
trgw_2_2_9_20160630,34.734,15.0,trgw_2_2_9,
trgw_2_2_9_20160731,34.597,15.0,trgw_2_2_9,
trgw_2_2_9_20160831,34.486,15.0,trgw_2_2_9,
trgw_2_2_9_20160930,34.416,15.0,trgw_2_2_9,
trgw_2_2_9_20161031,34.401,15.0,trgw_2_2_9,
trgw_2_2_9_20161130,34.416,15.0,trgw_2_2_9,
trgw_2_2_9_20161231,34.547,15.0,trgw_2_2_9,
trgw_2_2_9_20170131,34.605,0.0,trgw_2_2_9,
trgw_2_2_9_20170228,34.665,0.0,trgw_2_2_9,
trgw_2_2_9_20170331,34.71,0.0,trgw_2_2_9,
trgw_2_2_9_20170430,34.707,0.0,trgw_2_2_9,
trgw_2_2_9_20170531,34.649,0.0,trgw_2_2_9,
trgw_2_2_9_20170630,34.586,0.0,trgw_2_2_9,
trgw_2_2_9_20170731,34.498,0.0,trgw_2_2_9,
trgw_2_2_9_20170831,34.433,0.0,trgw_2_2_9,
trgw_2_2_9_20170930,34.384,0.0,trgw_2_2_9,
trgw_2_2_9_20171031,34.379,0.0,trgw_2_2_9,
trgw_2_2_9_20171130,34.446,0.0,trgw_2_2_9,
trgw_2_2_9_20171231,34.483,0.0,trgw_2_2_9,
trgw_2_33_7_20151231,33.977,0.0,trgw_2_33_7,
trgw_2_33_7_20160131,34.252,15.0,trgw_2_33_7,
trgw_2_33_7_20160229,34.397,15.0,trgw_2_33_7,
trgw_2_33_7_20160331,34.405,15.0,trgw_2_33_7,
trgw_2_33_7_20160430,34.334,15.0,trgw_2_33_7,
trgw_2_33_7_20160531,34.212,15.0,trgw_2_33_7,
trgw_2_33_7_20160630,34.04,15.0,trgw_2_33_7,
trgw_2_33_7_20160731,33.857,15.0,trgw_2_33_7,
trgw_2_33_7_20160831,33.666,15.0,trgw_2_33_7,
trgw_2_33_7_20160930,33.591,15.0,trgw_2_33_7,
trgw_2_33_7_20161031,33.605,15.0,trgw_2_33_7,
trgw_2_33_7_20161130,33.713,15.0,trgw_2_33_7,
trgw_2_33_7_20161231,33.938,15.0,trgw_2_33_7,
trgw_2_33_7_20170131,34.07,0.0,trgw_2_33_7,
trgw_2_33_7_20170228,34.158,0.0,trgw_2_33_7,
trgw_2_33_7_20170331,34.204,0.0,trgw_2_33_7,
trgw_2_33_7_20170430,34.164,0.0,trgw_2_33_7,
trgw_2_33_7_20170531,34.07,0.0,trgw_2_33_7,
trgw_2_33_7_20170630,33.969,0.0,trgw_2_33_7,
trgw_2_33_7_20170731,33.853,0.0,trgw_2_33_7,
trgw_2_33_7_20170831,33.786,0.0,trgw_2_33_7,
trgw_2_33_7_20170930,33.707,0.0,trgw_2_33_7,
trgw_2_33_7_20171031,33.778,0.0,trgw_2_33_7,
trgw_2_33_7_20171130,33.915,0.0,trgw_2_33_7,
trgw_2_33_7_20171231,33.992,0.0,trgw_2_33_7,
trgw_2_34_10_20151231,33.878,0.0,trgw_2_34_10,
trgw_2_34_10_20160131,34.09,0.0,trgw_2_34_10,
trgw_2_34_10_20160229,34.221,0.0,trgw_2_34_10,
trgw_2_34_10_20160331,34.239,0.0,trgw_2_34_10,
trgw_2_34_10_20160430,34.187,0.0,trgw_2_34_10,
trgw_2_34_10_20160531,34.084,0.0,trgw_2_34_10,
trgw_2_34_10_20160630,33.939,0.0,trgw_2_34_10,
trgw_2_34_10_20160731,33.763,0.0,trgw_2_34_10,
trgw_2_34_10_20160831,33.574,0.0,trgw_2_34_10,
trgw_2_34_10_20160930,33.519,0.0,trgw_2_34_10,
trgw_2_34_10_20161031,33.535,0.0,trgw_2_34_10,
trgw_2_34_10_20161130,33.643,0.0,trgw_2_34_10,
trgw_2_34_10_20161231,33.83,0.0,trgw_2_34_10,
trgw_2_34_10_20170131,33.939,0.0,trgw_2_34_10,
trgw_2_34_10_20170228,34.016,0.0,trgw_2_34_10,
trgw_2_34_10_20170331,34.047,0.0,trgw_2_34_10,
trgw_2_34_10_20170430,34.003,0.0,trgw_2_34_10,
trgw_2_34_10_20170531,33.916,0.0,trgw_2_34_10,
trgw_2_34_10_20170630,33.856,0.0,trgw_2_34_10,
trgw_2_34_10_20170731,33.772,0.0,trgw_2_34_10,
trgw_2_34_10_20170831,33.716,0.0,trgw_2_34_10,
trgw_2_34_10_20170930,33.643,0.0,trgw_2_34_10,
trgw_2_34_10_20171031,33.684,0.0,trgw_2_34_10,
trgw_2_34_10_20171130,33.81,0.0,trgw_2_34_10,
trgw_2_34_10_20171231,33.88,0.0,trgw_2_34_10,
trgw_2_3_8_20151231,34.641,0.0,trgw_2_3_8,
trgw_2_3_8_20160131,34.85,0.0,trgw_2_3_8,
trgw_2_3_8_20160229,34.983,0.0,trgw_2_3_8,
trgw_2_3_8_20160331,35.023,0.0,trgw_2_3_8,
trgw_2_3_8_20160430,34.987,0.0,trgw_2_3_8,
trgw_2_3_8_20160531,34.901,0.0,trgw_2_3_8,
trgw_2_3_8_20160630,34.767,0.0,trgw_2_3_8,
trgw_2_3_8_20160731,34.623,0.0,trgw_2_3_8,
trgw_2_3_8_20160831,34.507,0.0,trgw_2_3_8,
trgw_2_3_8_20160930,34.435,0.0,trgw_2_3_8,
trgw_2_3_8_20161031,34.421,0.0,trgw_2_3_8,
trgw_2_3_8_20161130,34.439,0.0,trgw_2_3_8,
trgw_2_3_8_20161231,34.58,0.0,trgw_2_3_8,
trgw_2_3_8_20170131,34.64,0.0,trgw_2_3_8,
trgw_2_3_8_20170228,34.703,0.0,trgw_2_3_8,
trgw_2_3_8_20170331,34.749,0.0,trgw_2_3_8,
trgw_2_3_8_20170430,34.744,0.0,trgw_2_3_8,
trgw_2_3_8_20170531,34.681,0.0,trgw_2_3_8,
trgw_2_3_8_20170630,34.614,0.0,trgw_2_3_8,
trgw_2_3_8_20170731,34.52,0.0,trgw_2_3_8,
trgw_2_3_8_20170831,34.452,0.0,trgw_2_3_8,
trgw_2_3_8_20170930,34.401,0.0,trgw_2_3_8,
trgw_2_3_8_20171031,34.397,0.0,trgw_2_3_8,
trgw_2_3_8_20171130,34.471,0.0,trgw_2_3_8,
trgw_2_3_8_20171231,34.51,0.0,trgw_2_3_8,
trgw_2_9_1_20151231,35.215,0.0,trgw_2_9_1,
trgw_2_9_1_20160131,35.488,0.0,trgw_2_9_1,
trgw_2_9_1_20160229,35.704,0.0,trgw_2_9_1,
trgw_2_9_1_20160331,35.798,0.0,trgw_2_9_1,
trgw_2_9_1_20160430,35.772,0.0,trgw_2_9_1,
trgw_2_9_1_20160531,35.662,0.0,trgw_2_9_1,
trgw_2_9_1_20160630,35.48,0.0,trgw_2_9_1,
trgw_2_9_1_20160731,35.26,0.0,trgw_2_9_1,
trgw_2_9_1_20160831,35.046,0.0,trgw_2_9_1,
trgw_2_9_1_20160930,34.894,0.0,trgw_2_9_1,
trgw_2_9_1_20161031,34.827,0.0,trgw_2_9_1,
trgw_2_9_1_20161130,34.83,0.0,trgw_2_9_1,
trgw_2_9_1_20161231,35.02,0.0,trgw_2_9_1,
trgw_2_9_1_20170131,35.132,0.0,trgw_2_9_1,
trgw_2_9_1_20170228,35.235,0.0,trgw_2_9_1,
trgw_2_9_1_20170331,35.316,0.0,trgw_2_9_1,
trgw_2_9_1_20170430,35.326,0.0,trgw_2_9_1,
trgw_2_9_1_20170531,35.24,0.0,trgw_2_9_1,
trgw_2_9_1_20170630,35.128,0.0,trgw_2_9_1,
trgw_2_9_1_20170731,34.974,0.0,trgw_2_9_1,
trgw_2_9_1_20170831,34.864,0.0,trgw_2_9_1,
trgw_2_9_1_20170930,34.78,0.0,trgw_2_9_1,
trgw_2_9_1_20171031,34.771,0.0,trgw_2_9_1,
trgw_2_9_1_20171130,34.875,0.0,trgw_2_9_1,
trgw_2_9_1_20171231,34.946,0.0,trgw_2_9_1,
